// Validating benchmarks:
// ***** BenchmarkRunner: Start   *****
// ***** Found 8 benchmark(s) in total *****
// ***** Building 1 exe(s) in Parallel: Start   *****
// start dotnet  restore --nodeReuse:false /p:UseSharedCompilation=false /p:Deterministic=true /p:Optimize=true /p:ArtifactsPath="C:\Users\ALMASRIA4COMP\RiderProjects\Omar-Fathi-Dev-Assignment-4\AcademyScheduleAnalyzer\AcademyScheduleAnalyzer\bin\Release\net10.0\AcademyScheduleAnalyzer-DefaultJob-1/" /p:OutDir="C:\Users\ALMASRIA4COMP\RiderProjects\Omar-Fathi-Dev-Assignment-4\AcademyScheduleAnalyzer\AcademyScheduleAnalyzer\bin\Release\net10.0\AcademyScheduleAnalyzer-DefaultJob-1\bin\Release\net10.0/" /p:OutputPath="C:\Users\ALMASRIA4COMP\RiderProjects\Omar-Fathi-Dev-Assignment-4\AcademyScheduleAnalyzer\AcademyScheduleAnalyzer\bin\Release\net10.0\AcademyScheduleAnalyzer-DefaultJob-1\bin\Release\net10.0/" /p:PublishDir="C:\Users\ALMASRIA4COMP\RiderProjects\Omar-Fathi-Dev-Assignment-4\AcademyScheduleAnalyzer\AcademyScheduleAnalyzer\bin\Release\net10.0\AcademyScheduleAnalyzer-DefaultJob-1\publish/" in C:\Users\ALMASRIA4COMP\RiderProjects\Omar-Fathi-Dev-Assignment-4\AcademyScheduleAnalyzer\AcademyScheduleAnalyzer\bin\Release\net10.0\AcademyScheduleAnalyzer-DefaultJob-1
// command took 2.68 sec and exited with 0
// start dotnet  build -c Release --no-restore --nodeReuse:false /p:UseSharedCompilation=false /p:Deterministic=true /p:Optimize=true /p:ArtifactsPath="C:\Users\ALMASRIA4COMP\RiderProjects\Omar-Fathi-Dev-Assignment-4\AcademyScheduleAnalyzer\AcademyScheduleAnalyzer\bin\Release\net10.0\AcademyScheduleAnalyzer-DefaultJob-1/" /p:OutDir="C:\Users\ALMASRIA4COMP\RiderProjects\Omar-Fathi-Dev-Assignment-4\AcademyScheduleAnalyzer\AcademyScheduleAnalyzer\bin\Release\net10.0\AcademyScheduleAnalyzer-DefaultJob-1\bin\Release\net10.0/" /p:OutputPath="C:\Users\ALMASRIA4COMP\RiderProjects\Omar-Fathi-Dev-Assignment-4\AcademyScheduleAnalyzer\AcademyScheduleAnalyzer\bin\Release\net10.0\AcademyScheduleAnalyzer-DefaultJob-1\bin\Release\net10.0/" /p:PublishDir="C:\Users\ALMASRIA4COMP\RiderProjects\Omar-Fathi-Dev-Assignment-4\AcademyScheduleAnalyzer\AcademyScheduleAnalyzer\bin\Release\net10.0\AcademyScheduleAnalyzer-DefaultJob-1\publish/" --output "C:\Users\ALMASRIA4COMP\RiderProjects\Omar-Fathi-Dev-Assignment-4\AcademyScheduleAnalyzer\AcademyScheduleAnalyzer\bin\Release\net10.0\AcademyScheduleAnalyzer-DefaultJob-1\bin\Release\net10.0/" in C:\Users\ALMASRIA4COMP\RiderProjects\Omar-Fathi-Dev-Assignment-4\AcademyScheduleAnalyzer\AcademyScheduleAnalyzer\bin\Release\net10.0\AcademyScheduleAnalyzer-DefaultJob-1
// command took 15.19 sec and exited with 0
// ***** Done, took 00:00:18 (18.08 sec)   *****
// Found 8 benchmarks:
//   ScheduleBenchmark.StringConcatenation: DefaultJob [Iterations=100]
//   ScheduleBenchmark.StringBuilderConcatenation: DefaultJob [Iterations=100]
//   ScheduleBenchmark.StringConcatenation: DefaultJob [Iterations=1000]
//   ScheduleBenchmark.StringBuilderConcatenation: DefaultJob [Iterations=1000]
//   ScheduleBenchmark.StringConcatenation: DefaultJob [Iterations=10000]
//   ScheduleBenchmark.StringBuilderConcatenation: DefaultJob [Iterations=10000]
//   ScheduleBenchmark.StringConcatenation: DefaultJob [Iterations=100000]
//   ScheduleBenchmark.StringBuilderConcatenation: DefaultJob [Iterations=100000]

Setup power plan (GUID: 8c5e7fda-e8bf-4a96-9a85-a6e23a8c635c FriendlyName: High performance)
// **************************
// Benchmark: ScheduleBenchmark.StringConcatenation: DefaultJob [Iterations=100]
// *** Execute ***
// Launch: 1 / 1
// Execute: dotnet AcademyScheduleAnalyzer-DefaultJob-1.dll --anonymousPipes 1200 1288 --benchmarkName "AcademyScheduleAnalyzer.ScheduleBenchmark.StringConcatenation(Iterations: 100)" --job Default --benchmarkId 0 in C:\Users\ALMASRIA4COMP\RiderProjects\Omar-Fathi-Dev-Assignment-4\AcademyScheduleAnalyzer\AcademyScheduleAnalyzer\bin\Release\net10.0\AcademyScheduleAnalyzer-DefaultJob-1\bin\Release\net10.0
// BeforeAnythingElse

// Benchmark Process Environment Information:
// BenchmarkDotNet v0.15.8
// Runtime=.NET 10.0.12 (10.0.12, 10.0.1226.42308), X64 RyuJIT x86-64-v3
// GC=Concurrent Workstation
// HardwareIntrinsics=AVX2+BMI1+BMI2+F16C+FMA+LZCNT+MOVBE,AVX,SSE3+SSSE3+SSE4.1+SSE4.2+POPCNT,X86Base+SSE+SSE2,AES+PCLMUL VectorSize=256
// Job: DefaultJob

OverheadJitting  1: 1 op, 366400.00 ns, 366.4000 us/op
WorkloadJitting  1: 1 op, 437800.00 ns, 437.8000 us/op

OverheadJitting  2: 16 op, 833300.00 ns, 52.0813 us/op
WorkloadJitting  2: 16 op, 1288400.00 ns, 80.5250 us/op

WorkloadPilot    1: 16 op, 162500.00 ns, 10.1563 us/op
WorkloadPilot    2: 32 op, 921500.00 ns, 28.7969 us/op
WorkloadPilot    3: 64 op, 1311900.00 ns, 20.4984 us/op
WorkloadPilot    4: 128 op, 1356800.00 ns, 10.6000 us/op
WorkloadPilot    5: 256 op, 2223100.00 ns, 8.6840 us/op
WorkloadPilot    6: 512 op, 5120400.00 ns, 10.0008 us/op
WorkloadPilot    7: 1024 op, 12233000.00 ns, 11.9463 us/op
WorkloadPilot    8: 2048 op, 30092800.00 ns, 14.6938 us/op
WorkloadPilot    9: 4096 op, 52242600.00 ns, 12.7545 us/op
WorkloadPilot   10: 8192 op, 88468300.00 ns, 10.7994 us/op
WorkloadPilot   11: 16384 op, 109984700.00 ns, 6.7129 us/op
WorkloadPilot   12: 32768 op, 244883400.00 ns, 7.4732 us/op
WorkloadPilot   13: 65536 op, 470549400.00 ns, 7.1800 us/op
WorkloadPilot   14: 131072 op, 937592700.00 ns, 7.1533 us/op

OverheadWarmup   1: 131072 op, 724300.00 ns, 5.5260 ns/op
OverheadWarmup   2: 131072 op, 849500.00 ns, 6.4812 ns/op
OverheadWarmup   3: 131072 op, 648000.00 ns, 4.9438 ns/op
OverheadWarmup   4: 131072 op, 964900.00 ns, 7.3616 ns/op
OverheadWarmup   5: 131072 op, 692700.00 ns, 5.2849 ns/op

OverheadActual   1: 131072 op, 960300.00 ns, 7.3265 ns/op
OverheadActual   2: 131072 op, 1008500.00 ns, 7.6942 ns/op
OverheadActual   3: 131072 op, 643600.00 ns, 4.9103 ns/op
OverheadActual   4: 131072 op, 631000.00 ns, 4.8141 ns/op
OverheadActual   5: 131072 op, 908600.00 ns, 6.9321 ns/op
OverheadActual   6: 131072 op, 988500.00 ns, 7.5417 ns/op
OverheadActual   7: 131072 op, 978200.00 ns, 7.4631 ns/op
OverheadActual   8: 131072 op, 1013400.00 ns, 7.7316 ns/op
OverheadActual   9: 131072 op, 991500.00 ns, 7.5645 ns/op
OverheadActual  10: 131072 op, 639200.00 ns, 4.8767 ns/op
OverheadActual  11: 131072 op, 731600.00 ns, 5.5817 ns/op
OverheadActual  12: 131072 op, 822100.00 ns, 6.2721 ns/op
OverheadActual  13: 131072 op, 768200.00 ns, 5.8609 ns/op
OverheadActual  14: 131072 op, 624300.00 ns, 4.7630 ns/op
OverheadActual  15: 131072 op, 624000.00 ns, 4.7607 ns/op
OverheadActual  16: 131072 op, 993800.00 ns, 7.5821 ns/op
OverheadActual  17: 131072 op, 994700.00 ns, 7.5890 ns/op
OverheadActual  18: 131072 op, 1010100.00 ns, 7.7065 ns/op
OverheadActual  19: 131072 op, 926100.00 ns, 7.0656 ns/op
OverheadActual  20: 131072 op, 858000.00 ns, 6.5460 ns/op

WorkloadWarmup   1: 131072 op, 1071988800.00 ns, 8.1786 us/op
WorkloadWarmup   2: 131072 op, 894078700.00 ns, 6.8213 us/op
WorkloadWarmup   3: 131072 op, 903083700.00 ns, 6.8900 us/op
WorkloadWarmup   4: 131072 op, 896968900.00 ns, 6.8433 us/op
WorkloadWarmup   5: 131072 op, 1398701300.00 ns, 10.6712 us/op
WorkloadWarmup   6: 131072 op, 893618900.00 ns, 6.8178 us/op

// BeforeActualRun
WorkloadActual   1: 131072 op, 887743600.00 ns, 6.7729 us/op
WorkloadActual   2: 131072 op, 870716600.00 ns, 6.6430 us/op
WorkloadActual   3: 131072 op, 958223800.00 ns, 7.3107 us/op
WorkloadActual   4: 131072 op, 906470300.00 ns, 6.9158 us/op
WorkloadActual   5: 131072 op, 883739200.00 ns, 6.7424 us/op
WorkloadActual   6: 131072 op, 889600300.00 ns, 6.7871 us/op
WorkloadActual   7: 131072 op, 872500700.00 ns, 6.6567 us/op
WorkloadActual   8: 131072 op, 879289100.00 ns, 6.7084 us/op
WorkloadActual   9: 131072 op, 976617600.00 ns, 7.4510 us/op
WorkloadActual  10: 131072 op, 906834400.00 ns, 6.9186 us/op
WorkloadActual  11: 131072 op, 859669100.00 ns, 6.5588 us/op
WorkloadActual  12: 131072 op, 892267300.00 ns, 6.8075 us/op
WorkloadActual  13: 131072 op, 867683800.00 ns, 6.6199 us/op
WorkloadActual  14: 131072 op, 880806700.00 ns, 6.7200 us/op
WorkloadActual  15: 131072 op, 953591400.00 ns, 7.2753 us/op
WorkloadActual  16: 131072 op, 938822900.00 ns, 7.1627 us/op
WorkloadActual  17: 131072 op, 868585400.00 ns, 6.6268 us/op
WorkloadActual  18: 131072 op, 883749400.00 ns, 6.7425 us/op
WorkloadActual  19: 131072 op, 982030900.00 ns, 7.4923 us/op
WorkloadActual  20: 131072 op, 920296200.00 ns, 7.0213 us/op
WorkloadActual  21: 131072 op, 875543700.00 ns, 6.6799 us/op
WorkloadActual  22: 131072 op, 899379900.00 ns, 6.8617 us/op
WorkloadActual  23: 131072 op, 871842900.00 ns, 6.6516 us/op
WorkloadActual  24: 131072 op, 864984800.00 ns, 6.5993 us/op
WorkloadActual  25: 131072 op, 980069200.00 ns, 7.4773 us/op
WorkloadActual  26: 131072 op, 887106400.00 ns, 6.7681 us/op
WorkloadActual  27: 131072 op, 886714200.00 ns, 6.7651 us/op
WorkloadActual  28: 131072 op, 1180541600.00 ns, 9.0068 us/op
WorkloadActual  29: 131072 op, 1358811500.00 ns, 10.3669 us/op
WorkloadActual  30: 131072 op, 1413483700.00 ns, 10.7840 us/op
WorkloadActual  31: 131072 op, 1404341900.00 ns, 10.7143 us/op
WorkloadActual  32: 131072 op, 1044551600.00 ns, 7.9693 us/op
WorkloadActual  33: 131072 op, 1014264700.00 ns, 7.7382 us/op
WorkloadActual  34: 131072 op, 954483100.00 ns, 7.2821 us/op
WorkloadActual  35: 131072 op, 907732400.00 ns, 6.9254 us/op
WorkloadActual  36: 131072 op, 880084200.00 ns, 6.7145 us/op
WorkloadActual  37: 131072 op, 895009000.00 ns, 6.8284 us/op
WorkloadActual  38: 131072 op, 865969900.00 ns, 6.6068 us/op
WorkloadActual  39: 131072 op, 874231000.00 ns, 6.6699 us/op
WorkloadActual  40: 131072 op, 891321500.00 ns, 6.8002 us/op
WorkloadActual  41: 131072 op, 896260800.00 ns, 6.8379 us/op
WorkloadActual  42: 131072 op, 888566700.00 ns, 6.7792 us/op
WorkloadActual  43: 131072 op, 934185900.00 ns, 7.1273 us/op
WorkloadActual  44: 131072 op, 932093800.00 ns, 7.1113 us/op
WorkloadActual  45: 131072 op, 949300500.00 ns, 7.2426 us/op
WorkloadActual  46: 131072 op, 921628700.00 ns, 7.0315 us/op
WorkloadActual  47: 131072 op, 896512200.00 ns, 6.8398 us/op
WorkloadActual  48: 131072 op, 888951300.00 ns, 6.7822 us/op
WorkloadActual  49: 131072 op, 892988100.00 ns, 6.8130 us/op
WorkloadActual  50: 131072 op, 871019100.00 ns, 6.6453 us/op
WorkloadActual  51: 131072 op, 872796700.00 ns, 6.6589 us/op
WorkloadActual  52: 131072 op, 870971900.00 ns, 6.6450 us/op
WorkloadActual  53: 131072 op, 1186688500.00 ns, 9.0537 us/op
WorkloadActual  54: 131072 op, 1289505000.00 ns, 9.8381 us/op
WorkloadActual  55: 131072 op, 1003549100.00 ns, 7.6565 us/op
WorkloadActual  56: 131072 op, 1218975400.00 ns, 9.3000 us/op
WorkloadActual  57: 131072 op, 1256486600.00 ns, 9.5862 us/op
WorkloadActual  58: 131072 op, 1394250100.00 ns, 10.6373 us/op
WorkloadActual  59: 131072 op, 929957200.00 ns, 7.0950 us/op
WorkloadActual  60: 131072 op, 995629200.00 ns, 7.5960 us/op
WorkloadActual  61: 131072 op, 912841800.00 ns, 6.9644 us/op
WorkloadActual  62: 131072 op, 883953700.00 ns, 6.7440 us/op
WorkloadActual  63: 131072 op, 890301500.00 ns, 6.7925 us/op
WorkloadActual  64: 131072 op, 908492800.00 ns, 6.9313 us/op
WorkloadActual  65: 131072 op, 854523000.00 ns, 6.5195 us/op
WorkloadActual  66: 131072 op, 943984700.00 ns, 7.2020 us/op
WorkloadActual  67: 131072 op, 895367200.00 ns, 6.8311 us/op
WorkloadActual  68: 131072 op, 870637700.00 ns, 6.6424 us/op
WorkloadActual  69: 131072 op, 870745900.00 ns, 6.6433 us/op
WorkloadActual  70: 131072 op, 861459900.00 ns, 6.5724 us/op
WorkloadActual  71: 131072 op, 928288700.00 ns, 7.0823 us/op
WorkloadActual  72: 131072 op, 913798300.00 ns, 6.9717 us/op
WorkloadActual  73: 131072 op, 915091400.00 ns, 6.9816 us/op

// AfterActualRun
WorkloadResult   1: 131072 op, 886826250.00 ns, 6.7659 us/op
WorkloadResult   2: 131072 op, 869799250.00 ns, 6.6360 us/op
WorkloadResult   3: 131072 op, 957306450.00 ns, 7.3037 us/op
WorkloadResult   4: 131072 op, 905552950.00 ns, 6.9088 us/op
WorkloadResult   5: 131072 op, 882821850.00 ns, 6.7354 us/op
WorkloadResult   6: 131072 op, 888682950.00 ns, 6.7801 us/op
WorkloadResult   7: 131072 op, 871583350.00 ns, 6.6497 us/op
WorkloadResult   8: 131072 op, 878371750.00 ns, 6.7014 us/op
WorkloadResult   9: 131072 op, 975700250.00 ns, 7.4440 us/op
WorkloadResult  10: 131072 op, 905917050.00 ns, 6.9116 us/op
WorkloadResult  11: 131072 op, 858751750.00 ns, 6.5518 us/op
WorkloadResult  12: 131072 op, 891349950.00 ns, 6.8005 us/op
WorkloadResult  13: 131072 op, 866766450.00 ns, 6.6129 us/op
WorkloadResult  14: 131072 op, 879889350.00 ns, 6.7130 us/op
WorkloadResult  15: 131072 op, 952674050.00 ns, 7.2683 us/op
WorkloadResult  16: 131072 op, 937905550.00 ns, 7.1557 us/op
WorkloadResult  17: 131072 op, 867668050.00 ns, 6.6198 us/op
WorkloadResult  18: 131072 op, 882832050.00 ns, 6.7355 us/op
WorkloadResult  19: 131072 op, 981113550.00 ns, 7.4853 us/op
WorkloadResult  20: 131072 op, 919378850.00 ns, 7.0143 us/op
WorkloadResult  21: 131072 op, 874626350.00 ns, 6.6729 us/op
WorkloadResult  22: 131072 op, 898462550.00 ns, 6.8547 us/op
WorkloadResult  23: 131072 op, 870925550.00 ns, 6.6446 us/op
WorkloadResult  24: 131072 op, 864067450.00 ns, 6.5923 us/op
WorkloadResult  25: 131072 op, 979151850.00 ns, 7.4703 us/op
WorkloadResult  26: 131072 op, 886189050.00 ns, 6.7611 us/op
WorkloadResult  27: 131072 op, 885796850.00 ns, 6.7581 us/op
WorkloadResult  28: 131072 op, 1043634250.00 ns, 7.9623 us/op
WorkloadResult  29: 131072 op, 1013347350.00 ns, 7.7312 us/op
WorkloadResult  30: 131072 op, 953565750.00 ns, 7.2751 us/op
WorkloadResult  31: 131072 op, 906815050.00 ns, 6.9184 us/op
WorkloadResult  32: 131072 op, 879166850.00 ns, 6.7075 us/op
WorkloadResult  33: 131072 op, 894091650.00 ns, 6.8214 us/op
WorkloadResult  34: 131072 op, 865052550.00 ns, 6.5998 us/op
WorkloadResult  35: 131072 op, 873313650.00 ns, 6.6629 us/op
WorkloadResult  36: 131072 op, 890404150.00 ns, 6.7932 us/op
WorkloadResult  37: 131072 op, 895343450.00 ns, 6.8309 us/op
WorkloadResult  38: 131072 op, 887649350.00 ns, 6.7722 us/op
WorkloadResult  39: 131072 op, 933268550.00 ns, 7.1203 us/op
WorkloadResult  40: 131072 op, 931176450.00 ns, 7.1043 us/op
WorkloadResult  41: 131072 op, 948383150.00 ns, 7.2356 us/op
WorkloadResult  42: 131072 op, 920711350.00 ns, 7.0245 us/op
WorkloadResult  43: 131072 op, 895594850.00 ns, 6.8328 us/op
WorkloadResult  44: 131072 op, 888033950.00 ns, 6.7752 us/op
WorkloadResult  45: 131072 op, 892070750.00 ns, 6.8060 us/op
WorkloadResult  46: 131072 op, 870101750.00 ns, 6.6383 us/op
WorkloadResult  47: 131072 op, 871879350.00 ns, 6.6519 us/op
WorkloadResult  48: 131072 op, 870054550.00 ns, 6.6380 us/op
WorkloadResult  49: 131072 op, 1002631750.00 ns, 7.6495 us/op
WorkloadResult  50: 131072 op, 929039850.00 ns, 7.0880 us/op
WorkloadResult  51: 131072 op, 994711850.00 ns, 7.5890 us/op
WorkloadResult  52: 131072 op, 911924450.00 ns, 6.9574 us/op
WorkloadResult  53: 131072 op, 883036350.00 ns, 6.7370 us/op
WorkloadResult  54: 131072 op, 889384150.00 ns, 6.7855 us/op
WorkloadResult  55: 131072 op, 907575450.00 ns, 6.9243 us/op
WorkloadResult  56: 131072 op, 853605650.00 ns, 6.5125 us/op
WorkloadResult  57: 131072 op, 943067350.00 ns, 7.1950 us/op
WorkloadResult  58: 131072 op, 894449850.00 ns, 6.8241 us/op
WorkloadResult  59: 131072 op, 869720350.00 ns, 6.6354 us/op
WorkloadResult  60: 131072 op, 869828550.00 ns, 6.6363 us/op
WorkloadResult  61: 131072 op, 860542550.00 ns, 6.5654 us/op
WorkloadResult  62: 131072 op, 927371350.00 ns, 7.0753 us/op
WorkloadResult  63: 131072 op, 912880950.00 ns, 6.9647 us/op
WorkloadResult  64: 131072 op, 914174050.00 ns, 6.9746 us/op
// GC:  4425 0 0 6942621696 131072
// Threading:  0 0 131072

// AfterAll
// Benchmark Process 8176 has exited with code 0.

Mean = 6.915 μs, StdErr = 0.040 μs (0.58%), N = 64, StdDev = 0.320 μs
Min = 6.512 μs, Q1 = 6.670 μs, Median = 6.803 μs, Q3 = 7.078 μs, Max = 7.962 μs
IQR = 0.408 μs, LowerFence = 6.058 μs, UpperFence = 7.691 μs
ConfidenceInterval = [6.777 μs; 7.053 μs] (CI 99.9%), Margin = 0.138 μs (2.00% of Mean)
Skewness = 1.24, Kurtosis = 3.98, MValue = 2.08

// ** Remained 7 (87.5%) benchmark(s) to run. Estimated finish 2026-09-22 1:02 (0h 9m from now) **
Setup power plan (GUID: 8c5e7fda-e8bf-4a96-9a85-a6e23a8c635c FriendlyName: High performance)
// **************************
// Benchmark: ScheduleBenchmark.StringBuilderConcatenation: DefaultJob [Iterations=100]
// *** Execute ***
// Launch: 1 / 1
// Execute: dotnet AcademyScheduleAnalyzer-DefaultJob-1.dll --anonymousPipes 1092 1328 --benchmarkName "AcademyScheduleAnalyzer.ScheduleBenchmark.StringBuilderConcatenation(Iterations: 100)" --job Default --benchmarkId 1 in C:\Users\ALMASRIA4COMP\RiderProjects\Omar-Fathi-Dev-Assignment-4\AcademyScheduleAnalyzer\AcademyScheduleAnalyzer\bin\Release\net10.0\AcademyScheduleAnalyzer-DefaultJob-1\bin\Release\net10.0
// BeforeAnythingElse

// Benchmark Process Environment Information:
// BenchmarkDotNet v0.15.8
// Runtime=.NET 10.0.12 (10.0.12, 10.0.1226.42308), X64 RyuJIT x86-64-v3
// GC=Concurrent Workstation
// HardwareIntrinsics=AVX2+BMI1+BMI2+F16C+FMA+LZCNT+MOVBE,AVX,SSE3+SSSE3+SSE4.1+SSE4.2+POPCNT,X86Base+SSE+SSE2,AES+PCLMUL VectorSize=256
// Job: DefaultJob

OverheadJitting  1: 1 op, 309500.00 ns, 309.5000 us/op
WorkloadJitting  1: 1 op, 638000.00 ns, 638.0000 us/op

OverheadJitting  2: 16 op, 1118000.00 ns, 69.8750 us/op
WorkloadJitting  2: 16 op, 1282200.00 ns, 80.1375 us/op

WorkloadPilot    1: 16 op, 51900.00 ns, 3.2438 us/op
WorkloadPilot    2: 32 op, 89000.00 ns, 2.7813 us/op
WorkloadPilot    3: 64 op, 224500.00 ns, 3.5078 us/op
WorkloadPilot    4: 128 op, 376200.00 ns, 2.9391 us/op
WorkloadPilot    5: 256 op, 819800.00 ns, 3.2023 us/op
WorkloadPilot    6: 512 op, 1347000.00 ns, 2.6309 us/op
WorkloadPilot    7: 1024 op, 2803400.00 ns, 2.7377 us/op
WorkloadPilot    8: 2048 op, 5823600.00 ns, 2.8436 us/op
WorkloadPilot    9: 4096 op, 8617000.00 ns, 2.1038 us/op
WorkloadPilot   10: 8192 op, 19129400.00 ns, 2.3351 us/op
WorkloadPilot   11: 16384 op, 36784400.00 ns, 2.2451 us/op
WorkloadPilot   12: 32768 op, 67126800.00 ns, 2.0485 us/op
WorkloadPilot   13: 65536 op, 81960100.00 ns, 1.2506 us/op
WorkloadPilot   14: 131072 op, 83723400.00 ns, 638.7589 ns/op
WorkloadPilot   15: 262144 op, 166581300.00 ns, 635.4572 ns/op
WorkloadPilot   16: 524288 op, 366069100.00 ns, 698.2214 ns/op
WorkloadPilot   17: 1048576 op, 698017500.00 ns, 665.6814 ns/op

OverheadWarmup   1: 1048576 op, 5247400.00 ns, 5.0043 ns/op
OverheadWarmup   2: 1048576 op, 5107000.00 ns, 4.8704 ns/op
OverheadWarmup   3: 1048576 op, 5118200.00 ns, 4.8811 ns/op
OverheadWarmup   4: 1048576 op, 6262100.00 ns, 5.9720 ns/op
OverheadWarmup   5: 1048576 op, 8203200.00 ns, 7.8232 ns/op
OverheadWarmup   6: 1048576 op, 5097200.00 ns, 4.8611 ns/op
OverheadWarmup   7: 1048576 op, 5272600.00 ns, 5.0283 ns/op
OverheadWarmup   8: 1048576 op, 5419000.00 ns, 5.1680 ns/op
OverheadWarmup   9: 1048576 op, 6360400.00 ns, 6.0658 ns/op
OverheadWarmup  10: 1048576 op, 6840200.00 ns, 6.5233 ns/op

OverheadActual   1: 1048576 op, 6112300.00 ns, 5.8291 ns/op
OverheadActual   2: 1048576 op, 7548800.00 ns, 7.1991 ns/op
OverheadActual   3: 1048576 op, 5454100.00 ns, 5.2014 ns/op
OverheadActual   4: 1048576 op, 6693700.00 ns, 6.3836 ns/op
OverheadActual   5: 1048576 op, 5894000.00 ns, 5.6210 ns/op
OverheadActual   6: 1048576 op, 6753700.00 ns, 6.4408 ns/op
OverheadActual   7: 1048576 op, 6353400.00 ns, 6.0591 ns/op
OverheadActual   8: 1048576 op, 5517800.00 ns, 5.2622 ns/op
OverheadActual   9: 1048576 op, 7174100.00 ns, 6.8418 ns/op
OverheadActual  10: 1048576 op, 7953500.00 ns, 7.5850 ns/op
OverheadActual  11: 1048576 op, 5876100.00 ns, 5.6039 ns/op
OverheadActual  12: 1048576 op, 7227100.00 ns, 6.8923 ns/op
OverheadActual  13: 1048576 op, 6819600.00 ns, 6.5037 ns/op
OverheadActual  14: 1048576 op, 6120800.00 ns, 5.8372 ns/op
OverheadActual  15: 1048576 op, 7978700.00 ns, 7.6091 ns/op
OverheadActual  16: 1048576 op, 8191200.00 ns, 7.8117 ns/op
OverheadActual  17: 1048576 op, 7715900.00 ns, 7.3585 ns/op
OverheadActual  18: 1048576 op, 6321600.00 ns, 6.0287 ns/op
OverheadActual  19: 1048576 op, 5291800.00 ns, 5.0467 ns/op
OverheadActual  20: 1048576 op, 6021500.00 ns, 5.7425 ns/op

WorkloadWarmup   1: 1048576 op, 780924400.00 ns, 744.7475 ns/op
WorkloadWarmup   2: 1048576 op, 692848400.00 ns, 660.7517 ns/op
WorkloadWarmup   3: 1048576 op, 705638800.00 ns, 672.9496 ns/op
WorkloadWarmup   4: 1048576 op, 698465700.00 ns, 666.1088 ns/op
WorkloadWarmup   5: 1048576 op, 737384300.00 ns, 703.2245 ns/op
WorkloadWarmup   6: 1048576 op, 720119600.00 ns, 686.7596 ns/op

// BeforeActualRun
WorkloadActual   1: 1048576 op, 740581800.00 ns, 706.2738 ns/op
WorkloadActual   2: 1048576 op, 703286400.00 ns, 670.7062 ns/op
WorkloadActual   3: 1048576 op, 761232800.00 ns, 725.9682 ns/op
WorkloadActual   4: 1048576 op, 694648200.00 ns, 662.4681 ns/op
WorkloadActual   5: 1048576 op, 692655200.00 ns, 660.5675 ns/op
WorkloadActual   6: 1048576 op, 689134800.00 ns, 657.2102 ns/op
WorkloadActual   7: 1048576 op, 692152800.00 ns, 660.0883 ns/op
WorkloadActual   8: 1048576 op, 957107500.00 ns, 912.7688 ns/op
WorkloadActual   9: 1048576 op, 682403000.00 ns, 650.7902 ns/op
WorkloadActual  10: 1048576 op, 751523000.00 ns, 716.7082 ns/op
WorkloadActual  11: 1048576 op, 697579900.00 ns, 665.2640 ns/op
WorkloadActual  12: 1048576 op, 693693800.00 ns, 661.5580 ns/op
WorkloadActual  13: 1048576 op, 716424800.00 ns, 683.2359 ns/op
WorkloadActual  14: 1048576 op, 990463300.00 ns, 944.5794 ns/op
WorkloadActual  15: 1048576 op, 904478600.00 ns, 862.5780 ns/op
WorkloadActual  16: 1048576 op, 873812200.00 ns, 833.3323 ns/op
WorkloadActual  17: 1048576 op, 1120048400.00 ns, 1.0682 us/op
WorkloadActual  18: 1048576 op, 876072600.00 ns, 835.4879 ns/op
WorkloadActual  19: 1048576 op, 1018625300.00 ns, 971.4368 ns/op
WorkloadActual  20: 1048576 op, 993857400.00 ns, 947.8163 ns/op
WorkloadActual  21: 1048576 op, 1121920500.00 ns, 1.0699 us/op
WorkloadActual  22: 1048576 op, 700451600.00 ns, 668.0027 ns/op
WorkloadActual  23: 1048576 op, 739009000.00 ns, 704.7739 ns/op
WorkloadActual  24: 1048576 op, 723915700.00 ns, 690.3798 ns/op
WorkloadActual  25: 1048576 op, 789125300.00 ns, 752.5685 ns/op
WorkloadActual  26: 1048576 op, 787716400.00 ns, 751.2249 ns/op
WorkloadActual  27: 1048576 op, 689994800.00 ns, 658.0303 ns/op
WorkloadActual  28: 1048576 op, 768626300.00 ns, 733.0192 ns/op
WorkloadActual  29: 1048576 op, 703042300.00 ns, 670.4734 ns/op
WorkloadActual  30: 1048576 op, 798486100.00 ns, 761.4957 ns/op
WorkloadActual  31: 1048576 op, 720619200.00 ns, 687.2360 ns/op
WorkloadActual  32: 1048576 op, 740353900.00 ns, 706.0565 ns/op
WorkloadActual  33: 1048576 op, 731390000.00 ns, 697.5079 ns/op
WorkloadActual  34: 1048576 op, 739575200.00 ns, 705.3139 ns/op
WorkloadActual  35: 1048576 op, 709739300.00 ns, 676.8601 ns/op
WorkloadActual  36: 1048576 op, 676026800.00 ns, 644.7094 ns/op
WorkloadActual  37: 1048576 op, 696092200.00 ns, 663.8453 ns/op
WorkloadActual  38: 1048576 op, 688054500.00 ns, 656.1799 ns/op
WorkloadActual  39: 1048576 op, 756315100.00 ns, 721.2783 ns/op
WorkloadActual  40: 1048576 op, 813219200.00 ns, 775.5463 ns/op
WorkloadActual  41: 1048576 op, 966444900.00 ns, 921.6737 ns/op
WorkloadActual  42: 1048576 op, 716905800.00 ns, 683.6946 ns/op
WorkloadActual  43: 1048576 op, 673767900.00 ns, 642.5551 ns/op
WorkloadActual  44: 1048576 op, 688318000.00 ns, 656.4312 ns/op
WorkloadActual  45: 1048576 op, 803354800.00 ns, 766.1388 ns/op
WorkloadActual  46: 1048576 op, 719973100.00 ns, 686.6199 ns/op
WorkloadActual  47: 1048576 op, 876619100.00 ns, 836.0091 ns/op
WorkloadActual  48: 1048576 op, 1134032800.00 ns, 1.0815 us/op
WorkloadActual  49: 1048576 op, 904737200.00 ns, 862.8246 ns/op
WorkloadActual  50: 1048576 op, 848604700.00 ns, 809.2925 ns/op
WorkloadActual  51: 1048576 op, 947196300.00 ns, 903.3168 ns/op
WorkloadActual  52: 1048576 op, 916070600.00 ns, 873.6330 ns/op
WorkloadActual  53: 1048576 op, 872047100.00 ns, 831.6489 ns/op
WorkloadActual  54: 1048576 op, 770561000.00 ns, 734.8642 ns/op
WorkloadActual  55: 1048576 op, 857951200.00 ns, 818.2060 ns/op
WorkloadActual  56: 1048576 op, 708518500.00 ns, 675.6959 ns/op
WorkloadActual  57: 1048576 op, 780037500.00 ns, 743.9017 ns/op
WorkloadActual  58: 1048576 op, 780558100.00 ns, 744.3982 ns/op
WorkloadActual  59: 1048576 op, 829098300.00 ns, 790.6898 ns/op
WorkloadActual  60: 1048576 op, 841111600.00 ns, 802.1465 ns/op
WorkloadActual  61: 1048576 op, 856190200.00 ns, 816.5266 ns/op
WorkloadActual  62: 1048576 op, 804063900.00 ns, 766.8151 ns/op
WorkloadActual  63: 1048576 op, 917786700.00 ns, 875.2696 ns/op
WorkloadActual  64: 1048576 op, 815446900.00 ns, 777.6708 ns/op
WorkloadActual  65: 1048576 op, 829318300.00 ns, 790.8996 ns/op
WorkloadActual  66: 1048576 op, 739753700.00 ns, 705.4841 ns/op
WorkloadActual  67: 1048576 op, 766220400.00 ns, 730.7247 ns/op
WorkloadActual  68: 1048576 op, 736473500.00 ns, 702.3559 ns/op
WorkloadActual  69: 1048576 op, 761039100.00 ns, 725.7834 ns/op
WorkloadActual  70: 1048576 op, 758922300.00 ns, 723.7647 ns/op
WorkloadActual  71: 1048576 op, 838717500.00 ns, 799.8633 ns/op
WorkloadActual  72: 1048576 op, 834909400.00 ns, 796.2317 ns/op
WorkloadActual  73: 1048576 op, 725476700.00 ns, 691.8685 ns/op
WorkloadActual  74: 1048576 op, 743085700.00 ns, 708.6617 ns/op
WorkloadActual  75: 1048576 op, 781022700.00 ns, 744.8413 ns/op
WorkloadActual  76: 1048576 op, 760198900.00 ns, 724.9822 ns/op
WorkloadActual  77: 1048576 op, 744362300.00 ns, 709.8792 ns/op
WorkloadActual  78: 1048576 op, 759393400.00 ns, 724.2140 ns/op
WorkloadActual  79: 1048576 op, 788691500.00 ns, 752.1548 ns/op
WorkloadActual  80: 1048576 op, 683665700.00 ns, 651.9944 ns/op
WorkloadActual  81: 1048576 op, 690385300.00 ns, 658.4027 ns/op
WorkloadActual  82: 1048576 op, 679411400.00 ns, 647.9372 ns/op
WorkloadActual  83: 1048576 op, 750742100.00 ns, 715.9635 ns/op
WorkloadActual  84: 1048576 op, 706706000.00 ns, 673.9674 ns/op
WorkloadActual  85: 1048576 op, 699671800.00 ns, 667.2590 ns/op
WorkloadActual  86: 1048576 op, 706252800.00 ns, 673.5352 ns/op
WorkloadActual  87: 1048576 op, 704751200.00 ns, 672.1031 ns/op
WorkloadActual  88: 1048576 op, 676085000.00 ns, 644.7649 ns/op
WorkloadActual  89: 1048576 op, 675681800.00 ns, 644.3804 ns/op
WorkloadActual  90: 1048576 op, 735058800.00 ns, 701.0067 ns/op
WorkloadActual  91: 1048576 op, 698811200.00 ns, 666.4383 ns/op
WorkloadActual  92: 1048576 op, 702868800.00 ns, 670.3079 ns/op
WorkloadActual  93: 1048576 op, 680464800.00 ns, 648.9418 ns/op
WorkloadActual  94: 1048576 op, 706840500.00 ns, 674.0956 ns/op
WorkloadActual  95: 1048576 op, 774764900.00 ns, 738.8734 ns/op
WorkloadActual  96: 1048576 op, 667457200.00 ns, 636.5368 ns/op
WorkloadActual  97: 1048576 op, 730490100.00 ns, 696.6496 ns/op
WorkloadActual  98: 1048576 op, 713488300.00 ns, 680.4355 ns/op
WorkloadActual  99: 1048576 op, 666205300.00 ns, 635.3429 ns/op
WorkloadActual  100: 1048576 op, 674904300.00 ns, 643.6389 ns/op

// AfterActualRun
WorkloadResult   1: 1048576 op, 734058250.00 ns, 700.0525 ns/op
WorkloadResult   2: 1048576 op, 696762850.00 ns, 664.4848 ns/op
WorkloadResult   3: 1048576 op, 754709250.00 ns, 719.7468 ns/op
WorkloadResult   4: 1048576 op, 688124650.00 ns, 656.2468 ns/op
WorkloadResult   5: 1048576 op, 686131650.00 ns, 654.3461 ns/op
WorkloadResult   6: 1048576 op, 682611250.00 ns, 650.9888 ns/op
WorkloadResult   7: 1048576 op, 685629250.00 ns, 653.8670 ns/op
WorkloadResult   8: 1048576 op, 950583950.00 ns, 906.5475 ns/op
WorkloadResult   9: 1048576 op, 675879450.00 ns, 644.5689 ns/op
WorkloadResult  10: 1048576 op, 744999450.00 ns, 710.4868 ns/op
WorkloadResult  11: 1048576 op, 691056350.00 ns, 659.0427 ns/op
WorkloadResult  12: 1048576 op, 687170250.00 ns, 655.3366 ns/op
WorkloadResult  13: 1048576 op, 709901250.00 ns, 677.0146 ns/op
WorkloadResult  14: 1048576 op, 983939750.00 ns, 938.3581 ns/op
WorkloadResult  15: 1048576 op, 897955050.00 ns, 856.3567 ns/op
WorkloadResult  16: 1048576 op, 867288650.00 ns, 827.1109 ns/op
WorkloadResult  17: 1048576 op, 869549050.00 ns, 829.2666 ns/op
WorkloadResult  18: 1048576 op, 693928050.00 ns, 661.7814 ns/op
WorkloadResult  19: 1048576 op, 732485450.00 ns, 698.5526 ns/op
WorkloadResult  20: 1048576 op, 717392150.00 ns, 684.1585 ns/op
WorkloadResult  21: 1048576 op, 782601750.00 ns, 746.3472 ns/op
WorkloadResult  22: 1048576 op, 781192850.00 ns, 745.0036 ns/op
WorkloadResult  23: 1048576 op, 683471250.00 ns, 651.8090 ns/op
WorkloadResult  24: 1048576 op, 762102750.00 ns, 726.7978 ns/op
WorkloadResult  25: 1048576 op, 696518750.00 ns, 664.2520 ns/op
WorkloadResult  26: 1048576 op, 791962550.00 ns, 755.2743 ns/op
WorkloadResult  27: 1048576 op, 714095650.00 ns, 681.0147 ns/op
WorkloadResult  28: 1048576 op, 733830350.00 ns, 699.8352 ns/op
WorkloadResult  29: 1048576 op, 724866450.00 ns, 691.2865 ns/op
WorkloadResult  30: 1048576 op, 733051650.00 ns, 699.0925 ns/op
WorkloadResult  31: 1048576 op, 703215750.00 ns, 670.6388 ns/op
WorkloadResult  32: 1048576 op, 669503250.00 ns, 638.4881 ns/op
WorkloadResult  33: 1048576 op, 689568650.00 ns, 657.6239 ns/op
WorkloadResult  34: 1048576 op, 681530950.00 ns, 649.9586 ns/op
WorkloadResult  35: 1048576 op, 749791550.00 ns, 715.0569 ns/op
WorkloadResult  36: 1048576 op, 806695650.00 ns, 769.3249 ns/op
WorkloadResult  37: 1048576 op, 959921350.00 ns, 915.4523 ns/op
WorkloadResult  38: 1048576 op, 710382250.00 ns, 677.4733 ns/op
WorkloadResult  39: 1048576 op, 667244350.00 ns, 636.3338 ns/op
WorkloadResult  40: 1048576 op, 681794450.00 ns, 650.2099 ns/op
WorkloadResult  41: 1048576 op, 796831250.00 ns, 759.9175 ns/op
WorkloadResult  42: 1048576 op, 713449550.00 ns, 680.3985 ns/op
WorkloadResult  43: 1048576 op, 870095550.00 ns, 829.7878 ns/op
WorkloadResult  44: 1048576 op, 898213650.00 ns, 856.6033 ns/op
WorkloadResult  45: 1048576 op, 842081150.00 ns, 803.0712 ns/op
WorkloadResult  46: 1048576 op, 940672750.00 ns, 897.0954 ns/op
WorkloadResult  47: 1048576 op, 909547050.00 ns, 867.4117 ns/op
WorkloadResult  48: 1048576 op, 865523550.00 ns, 825.4276 ns/op
WorkloadResult  49: 1048576 op, 764037450.00 ns, 728.6429 ns/op
WorkloadResult  50: 1048576 op, 851427650.00 ns, 811.9847 ns/op
WorkloadResult  51: 1048576 op, 701994950.00 ns, 669.4746 ns/op
WorkloadResult  52: 1048576 op, 773513950.00 ns, 737.6804 ns/op
WorkloadResult  53: 1048576 op, 774034550.00 ns, 738.1769 ns/op
WorkloadResult  54: 1048576 op, 822574750.00 ns, 784.4684 ns/op
WorkloadResult  55: 1048576 op, 834588050.00 ns, 795.9252 ns/op
WorkloadResult  56: 1048576 op, 849666650.00 ns, 810.3053 ns/op
WorkloadResult  57: 1048576 op, 797540350.00 ns, 760.5937 ns/op
WorkloadResult  58: 1048576 op, 911263150.00 ns, 869.0483 ns/op
WorkloadResult  59: 1048576 op, 808923350.00 ns, 771.4494 ns/op
WorkloadResult  60: 1048576 op, 822794750.00 ns, 784.6782 ns/op
WorkloadResult  61: 1048576 op, 733230150.00 ns, 699.2628 ns/op
WorkloadResult  62: 1048576 op, 759696850.00 ns, 724.5034 ns/op
WorkloadResult  63: 1048576 op, 729949950.00 ns, 696.1345 ns/op
WorkloadResult  64: 1048576 op, 754515550.00 ns, 719.5621 ns/op
WorkloadResult  65: 1048576 op, 752398750.00 ns, 717.5434 ns/op
WorkloadResult  66: 1048576 op, 832193950.00 ns, 793.6420 ns/op
WorkloadResult  67: 1048576 op, 828385850.00 ns, 790.0103 ns/op
WorkloadResult  68: 1048576 op, 718953150.00 ns, 685.6472 ns/op
WorkloadResult  69: 1048576 op, 736562150.00 ns, 702.4404 ns/op
WorkloadResult  70: 1048576 op, 774499150.00 ns, 738.6199 ns/op
WorkloadResult  71: 1048576 op, 753675350.00 ns, 718.7608 ns/op
WorkloadResult  72: 1048576 op, 737838750.00 ns, 703.6579 ns/op
WorkloadResult  73: 1048576 op, 752869850.00 ns, 717.9926 ns/op
WorkloadResult  74: 1048576 op, 782167950.00 ns, 745.9335 ns/op
WorkloadResult  75: 1048576 op, 677142150.00 ns, 645.7731 ns/op
WorkloadResult  76: 1048576 op, 683861750.00 ns, 652.1814 ns/op
WorkloadResult  77: 1048576 op, 672887850.00 ns, 641.7159 ns/op
WorkloadResult  78: 1048576 op, 744218550.00 ns, 709.7421 ns/op
WorkloadResult  79: 1048576 op, 700182450.00 ns, 667.7460 ns/op
WorkloadResult  80: 1048576 op, 693148250.00 ns, 661.0377 ns/op
WorkloadResult  81: 1048576 op, 699729250.00 ns, 667.3138 ns/op
WorkloadResult  82: 1048576 op, 698227650.00 ns, 665.8818 ns/op
WorkloadResult  83: 1048576 op, 669561450.00 ns, 638.5436 ns/op
WorkloadResult  84: 1048576 op, 669158250.00 ns, 638.1590 ns/op
WorkloadResult  85: 1048576 op, 728535250.00 ns, 694.7854 ns/op
WorkloadResult  86: 1048576 op, 692287650.00 ns, 660.2170 ns/op
WorkloadResult  87: 1048576 op, 696345250.00 ns, 664.0866 ns/op
WorkloadResult  88: 1048576 op, 673941250.00 ns, 642.7205 ns/op
WorkloadResult  89: 1048576 op, 700316950.00 ns, 667.8743 ns/op
WorkloadResult  90: 1048576 op, 768241350.00 ns, 732.6520 ns/op
WorkloadResult  91: 1048576 op, 660933650.00 ns, 630.3154 ns/op
WorkloadResult  92: 1048576 op, 723966550.00 ns, 690.4283 ns/op
WorkloadResult  93: 1048576 op, 706964750.00 ns, 674.2141 ns/op
WorkloadResult  94: 1048576 op, 659681750.00 ns, 629.1215 ns/op
WorkloadResult  95: 1048576 op, 668380750.00 ns, 637.4176 ns/op
// GC:  1657 0 0 2600468480 1048576
// Threading:  0 0 1048576

// AfterAll
// Benchmark Process 21088 has exited with code 0.

Mean = 719.341 ns, StdErr = 7.597 ns (1.06%), N = 95, StdDev = 74.043 ns
Min = 629.122 ns, Q1 = 661.410 ns, Median = 699.263 ns, Q3 = 757.596 ns, Max = 938.358 ns
IQR = 96.186 ns, LowerFence = 517.130 ns, UpperFence = 901.876 ns
ConfidenceInterval = [693.534 ns; 745.147 ns] (CI 99.9%), Margin = 25.806 ns (3.59% of Mean)
Skewness = 1.04, Kurtosis = 3.29, MValue = 2.24

// ** Remained 6 (75.0%) benchmark(s) to run. Estimated finish 2026-09-22 1:03 (0h 8m from now) **
Setup power plan (GUID: 8c5e7fda-e8bf-4a96-9a85-a6e23a8c635c FriendlyName: High performance)
// **************************
// Benchmark: ScheduleBenchmark.StringConcatenation: DefaultJob [Iterations=1000]
// *** Execute ***
// Launch: 1 / 1
// Execute: dotnet AcademyScheduleAnalyzer-DefaultJob-1.dll --anonymousPipes 1352 1304 --benchmarkName "AcademyScheduleAnalyzer.ScheduleBenchmark.StringConcatenation(Iterations: 1000)" --job Default --benchmarkId 2 in C:\Users\ALMASRIA4COMP\RiderProjects\Omar-Fathi-Dev-Assignment-4\AcademyScheduleAnalyzer\AcademyScheduleAnalyzer\bin\Release\net10.0\AcademyScheduleAnalyzer-DefaultJob-1\bin\Release\net10.0
// BeforeAnythingElse

// Benchmark Process Environment Information:
// BenchmarkDotNet v0.15.8
// Runtime=.NET 10.0.12 (10.0.12, 10.0.1226.42308), X64 RyuJIT x86-64-v3
// GC=Concurrent Workstation
// HardwareIntrinsics=AVX2+BMI1+BMI2+F16C+FMA+LZCNT+MOVBE,AVX,SSE3+SSSE3+SSE4.1+SSE4.2+POPCNT,X86Base+SSE+SSE2,AES+PCLMUL VectorSize=256
// Job: DefaultJob

OverheadJitting  1: 1 op, 321600.00 ns, 321.6000 us/op
WorkloadJitting  1: 1 op, 2735000.00 ns, 2.7350 ms/op

OverheadJitting  2: 16 op, 1336400.00 ns, 83.5250 us/op
WorkloadJitting  2: 16 op, 20086900.00 ns, 1.2554 ms/op

WorkloadPilot    1: 16 op, 16633500.00 ns, 1.0396 ms/op
WorkloadPilot    2: 32 op, 30230200.00 ns, 944.6938 us/op
WorkloadPilot    3: 64 op, 46535300.00 ns, 727.1141 us/op
WorkloadPilot    4: 128 op, 80555400.00 ns, 629.3391 us/op
WorkloadPilot    5: 256 op, 143712600.00 ns, 561.3773 us/op
WorkloadPilot    6: 512 op, 268619500.00 ns, 524.6475 us/op
WorkloadPilot    7: 1024 op, 620881700.00 ns, 606.3298 us/op

OverheadWarmup   1: 1024 op, 17000.00 ns, 16.6016 ns/op
OverheadWarmup   2: 1024 op, 5400.00 ns, 5.2734 ns/op
OverheadWarmup   3: 1024 op, 15500.00 ns, 15.1367 ns/op
OverheadWarmup   4: 1024 op, 5400.00 ns, 5.2734 ns/op
OverheadWarmup   5: 1024 op, 15400.00 ns, 15.0391 ns/op
OverheadWarmup   6: 1024 op, 15300.00 ns, 14.9414 ns/op

OverheadActual   1: 1024 op, 15400.00 ns, 15.0391 ns/op
OverheadActual   2: 1024 op, 15800.00 ns, 15.4297 ns/op
OverheadActual   3: 1024 op, 10400.00 ns, 10.1563 ns/op
OverheadActual   4: 1024 op, 10300.00 ns, 10.0586 ns/op
OverheadActual   5: 1024 op, 10400.00 ns, 10.1563 ns/op
OverheadActual   6: 1024 op, 8800.00 ns, 8.5938 ns/op
OverheadActual   7: 1024 op, 10100.00 ns, 9.8633 ns/op
OverheadActual   8: 1024 op, 5600.00 ns, 5.4688 ns/op
OverheadActual   9: 1024 op, 8300.00 ns, 8.1055 ns/op
OverheadActual  10: 1024 op, 5500.00 ns, 5.3711 ns/op
OverheadActual  11: 1024 op, 15700.00 ns, 15.3320 ns/op
OverheadActual  12: 1024 op, 15300.00 ns, 14.9414 ns/op
OverheadActual  13: 1024 op, 5500.00 ns, 5.3711 ns/op
OverheadActual  14: 1024 op, 5500.00 ns, 5.3711 ns/op
OverheadActual  15: 1024 op, 5500.00 ns, 5.3711 ns/op
OverheadActual  16: 1024 op, 15700.00 ns, 15.3320 ns/op
OverheadActual  17: 1024 op, 15600.00 ns, 15.2344 ns/op
OverheadActual  18: 1024 op, 15500.00 ns, 15.1367 ns/op
OverheadActual  19: 1024 op, 5400.00 ns, 5.2734 ns/op
OverheadActual  20: 1024 op, 5300.00 ns, 5.1758 ns/op

WorkloadWarmup   1: 1024 op, 617598000.00 ns, 603.1230 us/op
WorkloadWarmup   2: 1024 op, 598713700.00 ns, 584.6813 us/op
WorkloadWarmup   3: 1024 op, 591926500.00 ns, 578.0532 us/op
WorkloadWarmup   4: 1024 op, 610839300.00 ns, 596.5228 us/op
WorkloadWarmup   5: 1024 op, 570626200.00 ns, 557.2521 us/op
WorkloadWarmup   6: 1024 op, 698124700.00 ns, 681.7624 us/op
WorkloadWarmup   7: 1024 op, 584989400.00 ns, 571.2787 us/op

// BeforeActualRun
WorkloadActual   1: 1024 op, 595041400.00 ns, 581.0951 us/op
WorkloadActual   2: 1024 op, 611005500.00 ns, 596.6851 us/op
WorkloadActual   3: 1024 op, 597256100.00 ns, 583.2579 us/op
WorkloadActual   4: 1024 op, 602578400.00 ns, 588.4555 us/op
WorkloadActual   5: 1024 op, 601928000.00 ns, 587.8203 us/op
WorkloadActual   6: 1024 op, 594254500.00 ns, 580.3267 us/op
WorkloadActual   7: 1024 op, 583882200.00 ns, 570.1975 us/op
WorkloadActual   8: 1024 op, 566317800.00 ns, 553.0447 us/op
WorkloadActual   9: 1024 op, 599030400.00 ns, 584.9906 us/op
WorkloadActual  10: 1024 op, 612598500.00 ns, 598.2407 us/op
WorkloadActual  11: 1024 op, 611221000.00 ns, 596.8955 us/op
WorkloadActual  12: 1024 op, 585569000.00 ns, 571.8447 us/op
WorkloadActual  13: 1024 op, 598891700.00 ns, 584.8552 us/op
WorkloadActual  14: 1024 op, 613461800.00 ns, 599.0838 us/op
WorkloadActual  15: 1024 op, 618784400.00 ns, 604.2816 us/op
WorkloadActual  16: 1024 op, 607080500.00 ns, 592.8521 us/op
WorkloadActual  17: 1024 op, 635261900.00 ns, 620.3729 us/op
WorkloadActual  18: 1024 op, 620300800.00 ns, 605.7625 us/op
WorkloadActual  19: 1024 op, 628121900.00 ns, 613.4003 us/op
WorkloadActual  20: 1024 op, 602166600.00 ns, 588.0533 us/op
WorkloadActual  21: 1024 op, 732372800.00 ns, 715.2078 us/op
WorkloadActual  22: 1024 op, 918075300.00 ns, 896.5579 us/op
WorkloadActual  23: 1024 op, 937921100.00 ns, 915.9386 us/op
WorkloadActual  24: 1024 op, 721175800.00 ns, 704.2732 us/op
WorkloadActual  25: 1024 op, 855363800.00 ns, 835.3162 us/op
WorkloadActual  26: 1024 op, 905311100.00 ns, 884.0929 us/op
WorkloadActual  27: 1024 op, 771261500.00 ns, 753.1851 us/op
WorkloadActual  28: 1024 op, 831850300.00 ns, 812.3538 us/op
WorkloadActual  29: 1024 op, 599480300.00 ns, 585.4300 us/op
WorkloadActual  30: 1024 op, 847170700.00 ns, 827.3151 us/op
WorkloadActual  31: 1024 op, 767990300.00 ns, 749.9905 us/op
WorkloadActual  32: 1024 op, 660251000.00 ns, 644.7764 us/op
WorkloadActual  33: 1024 op, 596462900.00 ns, 582.4833 us/op
WorkloadActual  34: 1024 op, 605491000.00 ns, 591.2998 us/op
WorkloadActual  35: 1024 op, 590697900.00 ns, 576.8534 us/op
WorkloadActual  36: 1024 op, 579799400.00 ns, 566.2104 us/op
WorkloadActual  37: 1024 op, 599757400.00 ns, 585.7006 us/op
WorkloadActual  38: 1024 op, 606444400.00 ns, 592.2309 us/op
WorkloadActual  39: 1024 op, 618556300.00 ns, 604.0589 us/op
WorkloadActual  40: 1024 op, 598850400.00 ns, 584.8148 us/op
WorkloadActual  41: 1024 op, 627382700.00 ns, 612.6784 us/op
WorkloadActual  42: 1024 op, 586080500.00 ns, 572.3442 us/op
WorkloadActual  43: 1024 op, 590833800.00 ns, 576.9861 us/op
WorkloadActual  44: 1024 op, 592573400.00 ns, 578.6850 us/op
WorkloadActual  45: 1024 op, 566780700.00 ns, 553.4968 us/op

// AfterActualRun
WorkloadResult   1: 1024 op, 595031200.00 ns, 581.0852 us/op
WorkloadResult   2: 1024 op, 610995300.00 ns, 596.6751 us/op
WorkloadResult   3: 1024 op, 597245900.00 ns, 583.2479 us/op
WorkloadResult   4: 1024 op, 602568200.00 ns, 588.4455 us/op
WorkloadResult   5: 1024 op, 601917800.00 ns, 587.8104 us/op
WorkloadResult   6: 1024 op, 594244300.00 ns, 580.3167 us/op
WorkloadResult   7: 1024 op, 583872000.00 ns, 570.1875 us/op
WorkloadResult   8: 1024 op, 566307600.00 ns, 553.0348 us/op
WorkloadResult   9: 1024 op, 599020200.00 ns, 584.9807 us/op
WorkloadResult  10: 1024 op, 612588300.00 ns, 598.2308 us/op
WorkloadResult  11: 1024 op, 611210800.00 ns, 596.8855 us/op
WorkloadResult  12: 1024 op, 585558800.00 ns, 571.8348 us/op
WorkloadResult  13: 1024 op, 598881500.00 ns, 584.8452 us/op
WorkloadResult  14: 1024 op, 613451600.00 ns, 599.0738 us/op
WorkloadResult  15: 1024 op, 618774200.00 ns, 604.2717 us/op
WorkloadResult  16: 1024 op, 607070300.00 ns, 592.8421 us/op
WorkloadResult  17: 1024 op, 635251700.00 ns, 620.3630 us/op
WorkloadResult  18: 1024 op, 620290600.00 ns, 605.7525 us/op
WorkloadResult  19: 1024 op, 628111700.00 ns, 613.3903 us/op
WorkloadResult  20: 1024 op, 602156400.00 ns, 588.0434 us/op
WorkloadResult  21: 1024 op, 599470100.00 ns, 585.4200 us/op
WorkloadResult  22: 1024 op, 660240800.00 ns, 644.7664 us/op
WorkloadResult  23: 1024 op, 596452700.00 ns, 582.4733 us/op
WorkloadResult  24: 1024 op, 605480800.00 ns, 591.2898 us/op
WorkloadResult  25: 1024 op, 590687700.00 ns, 576.8435 us/op
WorkloadResult  26: 1024 op, 579789200.00 ns, 566.2004 us/op
WorkloadResult  27: 1024 op, 599747200.00 ns, 585.6906 us/op
WorkloadResult  28: 1024 op, 606434200.00 ns, 592.2209 us/op
WorkloadResult  29: 1024 op, 618546100.00 ns, 604.0489 us/op
WorkloadResult  30: 1024 op, 598840200.00 ns, 584.8049 us/op
WorkloadResult  31: 1024 op, 627372500.00 ns, 612.6685 us/op
WorkloadResult  32: 1024 op, 586070300.00 ns, 572.3343 us/op
WorkloadResult  33: 1024 op, 590823600.00 ns, 576.9762 us/op
WorkloadResult  34: 1024 op, 592563200.00 ns, 578.6750 us/op
WorkloadResult  35: 1024 op, 566770500.00 ns, 553.4868 us/op
// GC:  3281 0 0 5150687232 1024
// Threading:  0 0 1024

// AfterAll
// Benchmark Process 7488 has exited with code 0.

Mean = 588.835 μs, StdErr = 3.043 μs (0.52%), N = 35, StdDev = 18.001 μs
Min = 553.035 μs, Q1 = 579.496 μs, Median = 585.691 μs, Q3 = 597.558 μs, Max = 644.766 μs
IQR = 18.062 μs, LowerFence = 552.402 μs, UpperFence = 624.652 μs
ConfidenceInterval = [577.879 μs; 599.791 μs] (CI 99.9%), Margin = 10.956 μs (1.86% of Mean)
Skewness = 0.62, Kurtosis = 4.21, MValue = 2

// ** Remained 5 (62.5%) benchmark(s) to run. Estimated finish 2026-09-22 1:01 (0h 5m from now) **
Setup power plan (GUID: 8c5e7fda-e8bf-4a96-9a85-a6e23a8c635c FriendlyName: High performance)
// **************************
// Benchmark: ScheduleBenchmark.StringBuilderConcatenation: DefaultJob [Iterations=1000]
// *** Execute ***
// Launch: 1 / 1
// Execute: dotnet AcademyScheduleAnalyzer-DefaultJob-1.dll --anonymousPipes 888 1092 --benchmarkName "AcademyScheduleAnalyzer.ScheduleBenchmark.StringBuilderConcatenation(Iterations: 1000)" --job Default --benchmarkId 3 in C:\Users\ALMASRIA4COMP\RiderProjects\Omar-Fathi-Dev-Assignment-4\AcademyScheduleAnalyzer\AcademyScheduleAnalyzer\bin\Release\net10.0\AcademyScheduleAnalyzer-DefaultJob-1\bin\Release\net10.0
// BeforeAnythingElse

// Benchmark Process Environment Information:
// BenchmarkDotNet v0.15.8
// Runtime=.NET 10.0.12 (10.0.12, 10.0.1226.42308), X64 RyuJIT x86-64-v3
// GC=Concurrent Workstation
// HardwareIntrinsics=AVX2+BMI1+BMI2+F16C+FMA+LZCNT+MOVBE,AVX,SSE3+SSSE3+SSE4.1+SSE4.2+POPCNT,X86Base+SSE+SSE2,AES+PCLMUL VectorSize=256
// Job: DefaultJob

OverheadJitting  1: 1 op, 305100.00 ns, 305.1000 us/op
WorkloadJitting  1: 1 op, 574000.00 ns, 574.0000 us/op

OverheadJitting  2: 16 op, 844200.00 ns, 52.7625 us/op
WorkloadJitting  2: 16 op, 4675600.00 ns, 292.2250 us/op

WorkloadPilot    1: 16 op, 387400.00 ns, 24.2125 us/op
WorkloadPilot    2: 32 op, 951000.00 ns, 29.7188 us/op
WorkloadPilot    3: 64 op, 1782400.00 ns, 27.8500 us/op
WorkloadPilot    4: 128 op, 2726800.00 ns, 21.3031 us/op
WorkloadPilot    5: 256 op, 6247000.00 ns, 24.4023 us/op
WorkloadPilot    6: 512 op, 10623500.00 ns, 20.7490 us/op
WorkloadPilot    7: 1024 op, 23160700.00 ns, 22.6179 us/op
WorkloadPilot    8: 2048 op, 40405700.00 ns, 19.7293 us/op
WorkloadPilot    9: 4096 op, 109992800.00 ns, 26.8537 us/op
WorkloadPilot   10: 8192 op, 73627200.00 ns, 8.9877 us/op
WorkloadPilot   11: 16384 op, 92128400.00 ns, 5.6231 us/op
WorkloadPilot   12: 32768 op, 195009600.00 ns, 5.9512 us/op
WorkloadPilot   13: 65536 op, 423270400.00 ns, 6.4586 us/op
WorkloadPilot   14: 131072 op, 801442400.00 ns, 6.1145 us/op

OverheadWarmup   1: 131072 op, 627200.00 ns, 4.7852 ns/op
OverheadWarmup   2: 131072 op, 689600.00 ns, 5.2612 ns/op
OverheadWarmup   3: 131072 op, 645700.00 ns, 4.9263 ns/op
OverheadWarmup   4: 131072 op, 645800.00 ns, 4.9271 ns/op
OverheadWarmup   5: 131072 op, 625500.00 ns, 4.7722 ns/op

OverheadActual   1: 131072 op, 625600.00 ns, 4.7729 ns/op
OverheadActual   2: 131072 op, 825400.00 ns, 6.2973 ns/op
OverheadActual   3: 131072 op, 684700.00 ns, 5.2238 ns/op
OverheadActual   4: 131072 op, 736600.00 ns, 5.6198 ns/op
OverheadActual   5: 131072 op, 856900.00 ns, 6.5376 ns/op
OverheadActual   6: 131072 op, 860500.00 ns, 6.5651 ns/op
OverheadActual   7: 131072 op, 630200.00 ns, 4.8080 ns/op
OverheadActual   8: 131072 op, 622600.00 ns, 4.7501 ns/op
OverheadActual   9: 131072 op, 622500.00 ns, 4.7493 ns/op
OverheadActual  10: 131072 op, 625300.00 ns, 4.7707 ns/op
OverheadActual  11: 131072 op, 642600.00 ns, 4.9026 ns/op
OverheadActual  12: 131072 op, 968200.00 ns, 7.3868 ns/op
OverheadActual  13: 131072 op, 1018300.00 ns, 7.7690 ns/op
OverheadActual  14: 131072 op, 685900.00 ns, 5.2330 ns/op
OverheadActual  15: 131072 op, 678900.00 ns, 5.1796 ns/op
OverheadActual  16: 131072 op, 678600.00 ns, 5.1773 ns/op
OverheadActual  17: 131072 op, 949000.00 ns, 7.2403 ns/op
OverheadActual  18: 131072 op, 766600.00 ns, 5.8487 ns/op
OverheadActual  19: 131072 op, 747900.00 ns, 5.7060 ns/op
OverheadActual  20: 131072 op, 1009500.00 ns, 7.7019 ns/op

WorkloadWarmup   1: 131072 op, 860637400.00 ns, 6.5661 us/op
WorkloadWarmup   2: 131072 op, 1046421000.00 ns, 7.9836 us/op
WorkloadWarmup   3: 131072 op, 943270500.00 ns, 7.1966 us/op
WorkloadWarmup   4: 131072 op, 874707000.00 ns, 6.6735 us/op
WorkloadWarmup   5: 131072 op, 974605700.00 ns, 7.4357 us/op
WorkloadWarmup   6: 131072 op, 847921900.00 ns, 6.4691 us/op

// BeforeActualRun
WorkloadActual   1: 131072 op, 1023846600.00 ns, 7.8113 us/op
WorkloadActual   2: 131072 op, 1065237000.00 ns, 8.1271 us/op
WorkloadActual   3: 131072 op, 889495300.00 ns, 6.7863 us/op
WorkloadActual   4: 131072 op, 949520100.00 ns, 7.2443 us/op
WorkloadActual   5: 131072 op, 1024418300.00 ns, 7.8157 us/op
WorkloadActual   6: 131072 op, 999543700.00 ns, 7.6259 us/op
WorkloadActual   7: 131072 op, 935807800.00 ns, 7.1396 us/op
WorkloadActual   8: 131072 op, 931495600.00 ns, 7.1067 us/op
WorkloadActual   9: 131072 op, 1053904200.00 ns, 8.0407 us/op
WorkloadActual  10: 131072 op, 806841500.00 ns, 6.1557 us/op
WorkloadActual  11: 131072 op, 862357800.00 ns, 6.5793 us/op
WorkloadActual  12: 131072 op, 1113086600.00 ns, 8.4922 us/op
WorkloadActual  13: 131072 op, 887585800.00 ns, 6.7717 us/op
WorkloadActual  14: 131072 op, 831061200.00 ns, 6.3405 us/op
WorkloadActual  15: 131072 op, 816903500.00 ns, 6.2325 us/op
WorkloadActual  16: 131072 op, 1054182600.00 ns, 8.0428 us/op
WorkloadActual  17: 131072 op, 862999000.00 ns, 6.5842 us/op
WorkloadActual  18: 131072 op, 1045088100.00 ns, 7.9734 us/op
WorkloadActual  19: 131072 op, 1026890200.00 ns, 7.8346 us/op
WorkloadActual  20: 131072 op, 894654900.00 ns, 6.8257 us/op
WorkloadActual  21: 131072 op, 805664900.00 ns, 6.1467 us/op
WorkloadActual  22: 131072 op, 857358100.00 ns, 6.5411 us/op
WorkloadActual  23: 131072 op, 1216542200.00 ns, 9.2815 us/op
WorkloadActual  24: 131072 op, 1220862800.00 ns, 9.3144 us/op
WorkloadActual  25: 131072 op, 1215605000.00 ns, 9.2743 us/op
WorkloadActual  26: 131072 op, 1179794600.00 ns, 9.0011 us/op
WorkloadActual  27: 131072 op, 1147575400.00 ns, 8.7553 us/op
WorkloadActual  28: 131072 op, 1110493700.00 ns, 8.4724 us/op
WorkloadActual  29: 131072 op, 1229828300.00 ns, 9.3828 us/op
WorkloadActual  30: 131072 op, 1403400200.00 ns, 10.7071 us/op
WorkloadActual  31: 131072 op, 1215193900.00 ns, 9.2712 us/op
WorkloadActual  32: 131072 op, 1080552200.00 ns, 8.2440 us/op
WorkloadActual  33: 131072 op, 1133897900.00 ns, 8.6510 us/op
WorkloadActual  34: 131072 op, 1138084800.00 ns, 8.6829 us/op
WorkloadActual  35: 131072 op, 1307924000.00 ns, 9.9787 us/op
WorkloadActual  36: 131072 op, 1025382800.00 ns, 7.8230 us/op
WorkloadActual  37: 131072 op, 1048601300.00 ns, 8.0002 us/op
WorkloadActual  38: 131072 op, 948164100.00 ns, 7.2339 us/op
WorkloadActual  39: 131072 op, 916469400.00 ns, 6.9921 us/op
WorkloadActual  40: 131072 op, 1066697100.00 ns, 8.1383 us/op
WorkloadActual  41: 131072 op, 1174210700.00 ns, 8.9585 us/op
WorkloadActual  42: 131072 op, 1002675700.00 ns, 7.6498 us/op
WorkloadActual  43: 131072 op, 1178410500.00 ns, 8.9906 us/op
WorkloadActual  44: 131072 op, 1012615500.00 ns, 7.7256 us/op
WorkloadActual  45: 131072 op, 1031775800.00 ns, 7.8718 us/op
WorkloadActual  46: 131072 op, 982732600.00 ns, 7.4977 us/op
WorkloadActual  47: 131072 op, 942837800.00 ns, 7.1933 us/op
WorkloadActual  48: 131072 op, 1035330500.00 ns, 7.8989 us/op
WorkloadActual  49: 131072 op, 939535600.00 ns, 7.1681 us/op
WorkloadActual  50: 131072 op, 901865100.00 ns, 6.8807 us/op
WorkloadActual  51: 131072 op, 864887300.00 ns, 6.5986 us/op
WorkloadActual  52: 131072 op, 899456100.00 ns, 6.8623 us/op
WorkloadActual  53: 131072 op, 999479900.00 ns, 7.6254 us/op
WorkloadActual  54: 131072 op, 908426200.00 ns, 6.9307 us/op
WorkloadActual  55: 131072 op, 901238800.00 ns, 6.8759 us/op
WorkloadActual  56: 131072 op, 935786100.00 ns, 7.1395 us/op
WorkloadActual  57: 131072 op, 962318800.00 ns, 7.3419 us/op
WorkloadActual  58: 131072 op, 995150900.00 ns, 7.5924 us/op
WorkloadActual  59: 131072 op, 919911700.00 ns, 7.0184 us/op
WorkloadActual  60: 131072 op, 892669800.00 ns, 6.8105 us/op
WorkloadActual  61: 131072 op, 931418000.00 ns, 7.1062 us/op
WorkloadActual  62: 131072 op, 918426400.00 ns, 7.0070 us/op
WorkloadActual  63: 131072 op, 895486400.00 ns, 6.8320 us/op
WorkloadActual  64: 131072 op, 925272900.00 ns, 7.0593 us/op
WorkloadActual  65: 131072 op, 972872300.00 ns, 7.4224 us/op
WorkloadActual  66: 131072 op, 1000089500.00 ns, 7.6301 us/op
WorkloadActual  67: 131072 op, 806249000.00 ns, 6.1512 us/op
WorkloadActual  68: 131072 op, 868464500.00 ns, 6.6259 us/op
WorkloadActual  69: 131072 op, 1048529400.00 ns, 7.9996 us/op
WorkloadActual  70: 131072 op, 995413400.00 ns, 7.5944 us/op
WorkloadActual  71: 131072 op, 966059900.00 ns, 7.3705 us/op
WorkloadActual  72: 131072 op, 834172600.00 ns, 6.3642 us/op
WorkloadActual  73: 131072 op, 844903900.00 ns, 6.4461 us/op
WorkloadActual  74: 131072 op, 1080823400.00 ns, 8.2460 us/op
WorkloadActual  75: 131072 op, 1012619000.00 ns, 7.7257 us/op
WorkloadActual  76: 131072 op, 1097682000.00 ns, 8.3746 us/op
WorkloadActual  77: 131072 op, 855548900.00 ns, 6.5273 us/op
WorkloadActual  78: 131072 op, 900283200.00 ns, 6.8686 us/op
WorkloadActual  79: 131072 op, 901047300.00 ns, 6.8744 us/op
WorkloadActual  80: 131072 op, 954213300.00 ns, 7.2801 us/op
WorkloadActual  81: 131072 op, 885575800.00 ns, 6.7564 us/op
WorkloadActual  82: 131072 op, 1165675400.00 ns, 8.8934 us/op
WorkloadActual  83: 131072 op, 954150400.00 ns, 7.2796 us/op
WorkloadActual  84: 131072 op, 1090425400.00 ns, 8.3193 us/op
WorkloadActual  85: 131072 op, 1116708000.00 ns, 8.5198 us/op
WorkloadActual  86: 131072 op, 905785500.00 ns, 6.9106 us/op
WorkloadActual  87: 131072 op, 917111800.00 ns, 6.9970 us/op
WorkloadActual  88: 131072 op, 895313100.00 ns, 6.8307 us/op
WorkloadActual  89: 131072 op, 965422100.00 ns, 7.3656 us/op
WorkloadActual  90: 131072 op, 909594700.00 ns, 6.9397 us/op
WorkloadActual  91: 131072 op, 1013424900.00 ns, 7.7318 us/op
WorkloadActual  92: 131072 op, 1109326100.00 ns, 8.4635 us/op
WorkloadActual  93: 131072 op, 922645000.00 ns, 7.0392 us/op
WorkloadActual  94: 131072 op, 956809900.00 ns, 7.2999 us/op
WorkloadActual  95: 131072 op, 927990100.00 ns, 7.0800 us/op
WorkloadActual  96: 131072 op, 899715200.00 ns, 6.8643 us/op
WorkloadActual  97: 131072 op, 836504900.00 ns, 6.3820 us/op
WorkloadActual  98: 131072 op, 918911200.00 ns, 7.0107 us/op
WorkloadActual  99: 131072 op, 1031017200.00 ns, 7.8660 us/op
WorkloadActual  100: 131072 op, 1140484900.00 ns, 8.7012 us/op

// AfterActualRun
WorkloadResult   1: 131072 op, 1023135350.00 ns, 7.8059 us/op
WorkloadResult   2: 131072 op, 1064525750.00 ns, 8.1217 us/op
WorkloadResult   3: 131072 op, 888784050.00 ns, 6.7809 us/op
WorkloadResult   4: 131072 op, 948808850.00 ns, 7.2388 us/op
WorkloadResult   5: 131072 op, 1023707050.00 ns, 7.8103 us/op
WorkloadResult   6: 131072 op, 998832450.00 ns, 7.6205 us/op
WorkloadResult   7: 131072 op, 935096550.00 ns, 7.1342 us/op
WorkloadResult   8: 131072 op, 930784350.00 ns, 7.1013 us/op
WorkloadResult   9: 131072 op, 1053192950.00 ns, 8.0352 us/op
WorkloadResult  10: 131072 op, 806130250.00 ns, 6.1503 us/op
WorkloadResult  11: 131072 op, 861646550.00 ns, 6.5738 us/op
WorkloadResult  12: 131072 op, 1112375350.00 ns, 8.4868 us/op
WorkloadResult  13: 131072 op, 886874550.00 ns, 6.7663 us/op
WorkloadResult  14: 131072 op, 830349950.00 ns, 6.3351 us/op
WorkloadResult  15: 131072 op, 816192250.00 ns, 6.2271 us/op
WorkloadResult  16: 131072 op, 1053471350.00 ns, 8.0373 us/op
WorkloadResult  17: 131072 op, 862287750.00 ns, 6.5787 us/op
WorkloadResult  18: 131072 op, 1044376850.00 ns, 7.9680 us/op
WorkloadResult  19: 131072 op, 1026178950.00 ns, 7.8291 us/op
WorkloadResult  20: 131072 op, 893943650.00 ns, 6.8202 us/op
WorkloadResult  21: 131072 op, 804953650.00 ns, 6.1413 us/op
WorkloadResult  22: 131072 op, 856646850.00 ns, 6.5357 us/op
WorkloadResult  23: 131072 op, 1215830950.00 ns, 9.2761 us/op
WorkloadResult  24: 131072 op, 1220151550.00 ns, 9.3090 us/op
WorkloadResult  25: 131072 op, 1214893750.00 ns, 9.2689 us/op
WorkloadResult  26: 131072 op, 1179083350.00 ns, 8.9957 us/op
WorkloadResult  27: 131072 op, 1146864150.00 ns, 8.7499 us/op
WorkloadResult  28: 131072 op, 1109782450.00 ns, 8.4670 us/op
WorkloadResult  29: 131072 op, 1229117050.00 ns, 9.3774 us/op
WorkloadResult  30: 131072 op, 1214482650.00 ns, 9.2658 us/op
WorkloadResult  31: 131072 op, 1079840950.00 ns, 8.2385 us/op
WorkloadResult  32: 131072 op, 1133186650.00 ns, 8.6455 us/op
WorkloadResult  33: 131072 op, 1137373550.00 ns, 8.6775 us/op
WorkloadResult  34: 131072 op, 1024671550.00 ns, 7.8176 us/op
WorkloadResult  35: 131072 op, 1047890050.00 ns, 7.9948 us/op
WorkloadResult  36: 131072 op, 947452850.00 ns, 7.2285 us/op
WorkloadResult  37: 131072 op, 915758150.00 ns, 6.9867 us/op
WorkloadResult  38: 131072 op, 1065985850.00 ns, 8.1328 us/op
WorkloadResult  39: 131072 op, 1173499450.00 ns, 8.9531 us/op
WorkloadResult  40: 131072 op, 1001964450.00 ns, 7.6444 us/op
WorkloadResult  41: 131072 op, 1177699250.00 ns, 8.9851 us/op
WorkloadResult  42: 131072 op, 1011904250.00 ns, 7.7202 us/op
WorkloadResult  43: 131072 op, 1031064550.00 ns, 7.8664 us/op
WorkloadResult  44: 131072 op, 982021350.00 ns, 7.4922 us/op
WorkloadResult  45: 131072 op, 942126550.00 ns, 7.1879 us/op
WorkloadResult  46: 131072 op, 1034619250.00 ns, 7.8935 us/op
WorkloadResult  47: 131072 op, 938824350.00 ns, 7.1627 us/op
WorkloadResult  48: 131072 op, 901153850.00 ns, 6.8753 us/op
WorkloadResult  49: 131072 op, 864176050.00 ns, 6.5931 us/op
WorkloadResult  50: 131072 op, 898744850.00 ns, 6.8569 us/op
WorkloadResult  51: 131072 op, 998768650.00 ns, 7.6200 us/op
WorkloadResult  52: 131072 op, 907714950.00 ns, 6.9253 us/op
WorkloadResult  53: 131072 op, 900527550.00 ns, 6.8705 us/op
WorkloadResult  54: 131072 op, 935074850.00 ns, 7.1341 us/op
WorkloadResult  55: 131072 op, 961607550.00 ns, 7.3365 us/op
WorkloadResult  56: 131072 op, 994439650.00 ns, 7.5870 us/op
WorkloadResult  57: 131072 op, 919200450.00 ns, 7.0129 us/op
WorkloadResult  58: 131072 op, 891958550.00 ns, 6.8051 us/op
WorkloadResult  59: 131072 op, 930706750.00 ns, 7.1007 us/op
WorkloadResult  60: 131072 op, 917715150.00 ns, 7.0016 us/op
WorkloadResult  61: 131072 op, 894775150.00 ns, 6.8266 us/op
WorkloadResult  62: 131072 op, 924561650.00 ns, 7.0538 us/op
WorkloadResult  63: 131072 op, 972161050.00 ns, 7.4170 us/op
WorkloadResult  64: 131072 op, 999378250.00 ns, 7.6247 us/op
WorkloadResult  65: 131072 op, 805537750.00 ns, 6.1458 us/op
WorkloadResult  66: 131072 op, 867753250.00 ns, 6.6204 us/op
WorkloadResult  67: 131072 op, 1047818150.00 ns, 7.9942 us/op
WorkloadResult  68: 131072 op, 994702150.00 ns, 7.5890 us/op
WorkloadResult  69: 131072 op, 965348650.00 ns, 7.3650 us/op
WorkloadResult  70: 131072 op, 833461350.00 ns, 6.3588 us/op
WorkloadResult  71: 131072 op, 844192650.00 ns, 6.4407 us/op
WorkloadResult  72: 131072 op, 1080112150.00 ns, 8.2406 us/op
WorkloadResult  73: 131072 op, 1011907750.00 ns, 7.7202 us/op
WorkloadResult  74: 131072 op, 1096970750.00 ns, 8.3692 us/op
WorkloadResult  75: 131072 op, 854837650.00 ns, 6.5219 us/op
WorkloadResult  76: 131072 op, 899571950.00 ns, 6.8632 us/op
WorkloadResult  77: 131072 op, 900336050.00 ns, 6.8690 us/op
WorkloadResult  78: 131072 op, 953502050.00 ns, 7.2746 us/op
WorkloadResult  79: 131072 op, 884864550.00 ns, 6.7510 us/op
WorkloadResult  80: 131072 op, 1164964150.00 ns, 8.8880 us/op
WorkloadResult  81: 131072 op, 953439150.00 ns, 7.2742 us/op
WorkloadResult  82: 131072 op, 1089714150.00 ns, 8.3139 us/op
WorkloadResult  83: 131072 op, 1115996750.00 ns, 8.5144 us/op
WorkloadResult  84: 131072 op, 905074250.00 ns, 6.9052 us/op
WorkloadResult  85: 131072 op, 916400550.00 ns, 6.9916 us/op
WorkloadResult  86: 131072 op, 894601850.00 ns, 6.8253 us/op
WorkloadResult  87: 131072 op, 964710850.00 ns, 7.3602 us/op
WorkloadResult  88: 131072 op, 908883450.00 ns, 6.9342 us/op
WorkloadResult  89: 131072 op, 1012713650.00 ns, 7.7264 us/op
WorkloadResult  90: 131072 op, 1108614850.00 ns, 8.4581 us/op
WorkloadResult  91: 131072 op, 921933750.00 ns, 7.0338 us/op
WorkloadResult  92: 131072 op, 956098650.00 ns, 7.2945 us/op
WorkloadResult  93: 131072 op, 927278850.00 ns, 7.0746 us/op
WorkloadResult  94: 131072 op, 899003950.00 ns, 6.8589 us/op
WorkloadResult  95: 131072 op, 835793650.00 ns, 6.3766 us/op
WorkloadResult  96: 131072 op, 918199950.00 ns, 7.0053 us/op
WorkloadResult  97: 131072 op, 1030305950.00 ns, 7.8606 us/op
WorkloadResult  98: 131072 op, 1139773650.00 ns, 8.6958 us/op
// GC:  2259 0 0 3555721216 131072
// Threading:  0 0 131072

// AfterAll
// Benchmark Process 11568 has exited with code 0.

Mean = 7.506 μs, StdErr = 0.084 μs (1.12%), N = 98, StdDev = 0.832 μs
Min = 6.141 μs, Q1 = 6.869 μs, Median = 7.315 μs, Q3 = 8.025 μs, Max = 9.377 μs
IQR = 1.156 μs, LowerFence = 5.136 μs, UpperFence = 9.759 μs
ConfidenceInterval = [7.221 μs; 7.791 μs] (CI 99.9%), Margin = 0.285 μs (3.80% of Mean)
Skewness = 0.51, Kurtosis = 2.37, MValue = 3.61

// ** Remained 4 (50.0%) benchmark(s) to run. Estimated finish 2026-09-22 1:02 (0h 5m from now) **
Setup power plan (GUID: 8c5e7fda-e8bf-4a96-9a85-a6e23a8c635c FriendlyName: High performance)
// **************************
// Benchmark: ScheduleBenchmark.StringConcatenation: DefaultJob [Iterations=10000]
// *** Execute ***
// Launch: 1 / 1
// Execute: dotnet AcademyScheduleAnalyzer-DefaultJob-1.dll --anonymousPipes 1424 1420 --benchmarkName "AcademyScheduleAnalyzer.ScheduleBenchmark.StringConcatenation(Iterations: 10000)" --job Default --benchmarkId 4 in C:\Users\ALMASRIA4COMP\RiderProjects\Omar-Fathi-Dev-Assignment-4\AcademyScheduleAnalyzer\AcademyScheduleAnalyzer\bin\Release\net10.0\AcademyScheduleAnalyzer-DefaultJob-1\bin\Release\net10.0
// BeforeAnythingElse

// Benchmark Process Environment Information:
// BenchmarkDotNet v0.15.8
// Runtime=.NET 10.0.12 (10.0.12, 10.0.1226.42308), X64 RyuJIT x86-64-v3
// GC=Concurrent Workstation
// HardwareIntrinsics=AVX2+BMI1+BMI2+F16C+FMA+LZCNT+MOVBE,AVX,SSE3+SSSE3+SSE4.1+SSE4.2+POPCNT,X86Base+SSE+SSE2,AES+PCLMUL VectorSize=256
// Job: DefaultJob

OverheadJitting  1: 1 op, 550100.00 ns, 550.1000 us/op
WorkloadJitting  1: 1 op, 107652900.00 ns, 107.6529 ms/op

WorkloadPilot    1: 2 op, 197231800.00 ns, 98.6159 ms/op
WorkloadPilot    2: 3 op, 336309900.00 ns, 112.1033 ms/op
WorkloadPilot    3: 4 op, 387522300.00 ns, 96.8806 ms/op
WorkloadPilot    4: 5 op, 534184200.00 ns, 106.8368 ms/op

WorkloadWarmup   1: 5 op, 485762500.00 ns, 97.1525 ms/op
WorkloadWarmup   2: 5 op, 458964800.00 ns, 91.7930 ms/op
WorkloadWarmup   3: 5 op, 523758900.00 ns, 104.7518 ms/op
WorkloadWarmup   4: 5 op, 430139600.00 ns, 86.0279 ms/op
WorkloadWarmup   5: 5 op, 452507000.00 ns, 90.5014 ms/op
WorkloadWarmup   6: 5 op, 510931000.00 ns, 102.1862 ms/op
WorkloadWarmup   7: 5 op, 514452400.00 ns, 102.8905 ms/op
WorkloadWarmup   8: 5 op, 422454500.00 ns, 84.4909 ms/op

// BeforeActualRun
WorkloadActual   1: 5 op, 411152900.00 ns, 82.2306 ms/op
WorkloadActual   2: 5 op, 443374800.00 ns, 88.6750 ms/op
WorkloadActual   3: 5 op, 477606800.00 ns, 95.5214 ms/op
WorkloadActual   4: 5 op, 506886100.00 ns, 101.3772 ms/op
WorkloadActual   5: 5 op, 528736900.00 ns, 105.7474 ms/op
WorkloadActual   6: 5 op, 537216400.00 ns, 107.4433 ms/op
WorkloadActual   7: 5 op, 474624000.00 ns, 94.9248 ms/op
WorkloadActual   8: 5 op, 455056900.00 ns, 91.0114 ms/op
WorkloadActual   9: 5 op, 463241300.00 ns, 92.6483 ms/op
WorkloadActual  10: 5 op, 487706800.00 ns, 97.5414 ms/op
WorkloadActual  11: 5 op, 482920800.00 ns, 96.5842 ms/op
WorkloadActual  12: 5 op, 503433000.00 ns, 100.6866 ms/op
WorkloadActual  13: 5 op, 541148600.00 ns, 108.2297 ms/op
WorkloadActual  14: 5 op, 571145900.00 ns, 114.2292 ms/op
WorkloadActual  15: 5 op, 561421300.00 ns, 112.2843 ms/op
WorkloadActual  16: 5 op, 576777900.00 ns, 115.3556 ms/op
WorkloadActual  17: 5 op, 516167600.00 ns, 103.2335 ms/op
WorkloadActual  18: 5 op, 517522400.00 ns, 103.5045 ms/op
WorkloadActual  19: 5 op, 515109900.00 ns, 103.0220 ms/op
WorkloadActual  20: 5 op, 529087000.00 ns, 105.8174 ms/op
WorkloadActual  21: 5 op, 517501800.00 ns, 103.5004 ms/op
WorkloadActual  22: 5 op, 502573100.00 ns, 100.5146 ms/op
WorkloadActual  23: 5 op, 494111700.00 ns, 98.8223 ms/op
WorkloadActual  24: 5 op, 561515400.00 ns, 112.3031 ms/op
WorkloadActual  25: 5 op, 510426300.00 ns, 102.0853 ms/op
WorkloadActual  26: 5 op, 509004100.00 ns, 101.8008 ms/op
WorkloadActual  27: 5 op, 511101300.00 ns, 102.2203 ms/op
WorkloadActual  28: 5 op, 500880200.00 ns, 100.1760 ms/op
WorkloadActual  29: 5 op, 477717900.00 ns, 95.5436 ms/op
WorkloadActual  30: 5 op, 475707400.00 ns, 95.1415 ms/op
WorkloadActual  31: 5 op, 464511400.00 ns, 92.9023 ms/op
WorkloadActual  32: 5 op, 489762500.00 ns, 97.9525 ms/op
WorkloadActual  33: 5 op, 515961300.00 ns, 103.1923 ms/op
WorkloadActual  34: 5 op, 482195400.00 ns, 96.4391 ms/op
WorkloadActual  35: 5 op, 463515900.00 ns, 92.7032 ms/op
WorkloadActual  36: 5 op, 498744700.00 ns, 99.7489 ms/op
WorkloadActual  37: 5 op, 495273700.00 ns, 99.0547 ms/op
WorkloadActual  38: 5 op, 485261400.00 ns, 97.0523 ms/op
WorkloadActual  39: 5 op, 476011400.00 ns, 95.2023 ms/op
WorkloadActual  40: 5 op, 483604600.00 ns, 96.7209 ms/op
WorkloadActual  41: 5 op, 474405600.00 ns, 94.8811 ms/op
WorkloadActual  42: 5 op, 462778900.00 ns, 92.5558 ms/op
WorkloadActual  43: 5 op, 473152600.00 ns, 94.6305 ms/op
WorkloadActual  44: 5 op, 476371800.00 ns, 95.2744 ms/op
WorkloadActual  45: 5 op, 489491500.00 ns, 97.8983 ms/op
WorkloadActual  46: 5 op, 489962700.00 ns, 97.9925 ms/op
WorkloadActual  47: 5 op, 496390700.00 ns, 99.2781 ms/op
WorkloadActual  48: 5 op, 476208200.00 ns, 95.2416 ms/op
WorkloadActual  49: 5 op, 503577900.00 ns, 100.7156 ms/op
WorkloadActual  50: 5 op, 587422700.00 ns, 117.4845 ms/op
WorkloadActual  51: 5 op, 467485200.00 ns, 93.4970 ms/op
WorkloadActual  52: 5 op, 433361300.00 ns, 86.6723 ms/op
WorkloadActual  53: 5 op, 460837700.00 ns, 92.1675 ms/op
WorkloadActual  54: 5 op, 454366300.00 ns, 90.8733 ms/op
WorkloadActual  55: 5 op, 464792100.00 ns, 92.9584 ms/op
WorkloadActual  56: 5 op, 477572800.00 ns, 95.5146 ms/op
WorkloadActual  57: 5 op, 473615600.00 ns, 94.7231 ms/op
WorkloadActual  58: 5 op, 458143100.00 ns, 91.6286 ms/op
WorkloadActual  59: 5 op, 467028200.00 ns, 93.4056 ms/op
WorkloadActual  60: 5 op, 456984200.00 ns, 91.3968 ms/op
WorkloadActual  61: 5 op, 472394600.00 ns, 94.4789 ms/op
WorkloadActual  62: 5 op, 473319000.00 ns, 94.6638 ms/op
WorkloadActual  63: 5 op, 482539400.00 ns, 96.5079 ms/op
WorkloadActual  64: 5 op, 514994600.00 ns, 102.9989 ms/op
WorkloadActual  65: 5 op, 445700200.00 ns, 89.1400 ms/op
WorkloadActual  66: 5 op, 477900600.00 ns, 95.5801 ms/op
WorkloadActual  67: 5 op, 471335400.00 ns, 94.2671 ms/op
WorkloadActual  68: 5 op, 504447600.00 ns, 100.8895 ms/op
WorkloadActual  69: 5 op, 530967400.00 ns, 106.1935 ms/op
WorkloadActual  70: 5 op, 551889400.00 ns, 110.3779 ms/op
WorkloadActual  71: 5 op, 513098600.00 ns, 102.6197 ms/op
WorkloadActual  72: 5 op, 532979100.00 ns, 106.5958 ms/op
WorkloadActual  73: 5 op, 550254700.00 ns, 110.0509 ms/op
WorkloadActual  74: 5 op, 502111300.00 ns, 100.4223 ms/op
WorkloadActual  75: 5 op, 500641600.00 ns, 100.1283 ms/op
WorkloadActual  76: 5 op, 472501800.00 ns, 94.5004 ms/op
WorkloadActual  77: 5 op, 464609300.00 ns, 92.9219 ms/op
WorkloadActual  78: 5 op, 487390400.00 ns, 97.4781 ms/op
WorkloadActual  79: 5 op, 456261400.00 ns, 91.2523 ms/op
WorkloadActual  80: 5 op, 489503900.00 ns, 97.9008 ms/op
WorkloadActual  81: 5 op, 465931700.00 ns, 93.1863 ms/op
WorkloadActual  82: 5 op, 473364000.00 ns, 94.6728 ms/op
WorkloadActual  83: 5 op, 500155200.00 ns, 100.0310 ms/op
WorkloadActual  84: 5 op, 473657800.00 ns, 94.7316 ms/op
WorkloadActual  85: 5 op, 469988400.00 ns, 93.9977 ms/op
WorkloadActual  86: 5 op, 438477600.00 ns, 87.6955 ms/op
WorkloadActual  87: 5 op, 480025300.00 ns, 96.0051 ms/op
WorkloadActual  88: 5 op, 514442400.00 ns, 102.8885 ms/op
WorkloadActual  89: 5 op, 474388400.00 ns, 94.8777 ms/op
WorkloadActual  90: 5 op, 459160300.00 ns, 91.8321 ms/op
WorkloadActual  91: 5 op, 455959900.00 ns, 91.1920 ms/op
WorkloadActual  92: 5 op, 448873800.00 ns, 89.7748 ms/op
WorkloadActual  93: 5 op, 454628600.00 ns, 90.9257 ms/op
WorkloadActual  94: 5 op, 416049200.00 ns, 83.2098 ms/op
WorkloadActual  95: 5 op, 449956200.00 ns, 89.9912 ms/op
WorkloadActual  96: 5 op, 446202200.00 ns, 89.2404 ms/op
WorkloadActual  97: 5 op, 412772700.00 ns, 82.5545 ms/op
WorkloadActual  98: 5 op, 477968600.00 ns, 95.5937 ms/op
WorkloadActual  99: 5 op, 452172600.00 ns, 90.4345 ms/op
WorkloadActual  100: 5 op, 506753200.00 ns, 101.3506 ms/op

// AfterActualRun
WorkloadResult   1: 5 op, 411152900.00 ns, 82.2306 ms/op
WorkloadResult   2: 5 op, 443374800.00 ns, 88.6750 ms/op
WorkloadResult   3: 5 op, 477606800.00 ns, 95.5214 ms/op
WorkloadResult   4: 5 op, 506886100.00 ns, 101.3772 ms/op
WorkloadResult   5: 5 op, 528736900.00 ns, 105.7474 ms/op
WorkloadResult   6: 5 op, 537216400.00 ns, 107.4433 ms/op
WorkloadResult   7: 5 op, 474624000.00 ns, 94.9248 ms/op
WorkloadResult   8: 5 op, 455056900.00 ns, 91.0114 ms/op
WorkloadResult   9: 5 op, 463241300.00 ns, 92.6483 ms/op
WorkloadResult  10: 5 op, 487706800.00 ns, 97.5414 ms/op
WorkloadResult  11: 5 op, 482920800.00 ns, 96.5842 ms/op
WorkloadResult  12: 5 op, 503433000.00 ns, 100.6866 ms/op
WorkloadResult  13: 5 op, 541148600.00 ns, 108.2297 ms/op
WorkloadResult  14: 5 op, 561421300.00 ns, 112.2843 ms/op
WorkloadResult  15: 5 op, 516167600.00 ns, 103.2335 ms/op
WorkloadResult  16: 5 op, 517522400.00 ns, 103.5045 ms/op
WorkloadResult  17: 5 op, 515109900.00 ns, 103.0220 ms/op
WorkloadResult  18: 5 op, 529087000.00 ns, 105.8174 ms/op
WorkloadResult  19: 5 op, 517501800.00 ns, 103.5004 ms/op
WorkloadResult  20: 5 op, 502573100.00 ns, 100.5146 ms/op
WorkloadResult  21: 5 op, 494111700.00 ns, 98.8223 ms/op
WorkloadResult  22: 5 op, 561515400.00 ns, 112.3031 ms/op
WorkloadResult  23: 5 op, 510426300.00 ns, 102.0853 ms/op
WorkloadResult  24: 5 op, 509004100.00 ns, 101.8008 ms/op
WorkloadResult  25: 5 op, 511101300.00 ns, 102.2203 ms/op
WorkloadResult  26: 5 op, 500880200.00 ns, 100.1760 ms/op
WorkloadResult  27: 5 op, 477717900.00 ns, 95.5436 ms/op
WorkloadResult  28: 5 op, 475707400.00 ns, 95.1415 ms/op
WorkloadResult  29: 5 op, 464511400.00 ns, 92.9023 ms/op
WorkloadResult  30: 5 op, 489762500.00 ns, 97.9525 ms/op
WorkloadResult  31: 5 op, 515961300.00 ns, 103.1923 ms/op
WorkloadResult  32: 5 op, 482195400.00 ns, 96.4391 ms/op
WorkloadResult  33: 5 op, 463515900.00 ns, 92.7032 ms/op
WorkloadResult  34: 5 op, 498744700.00 ns, 99.7489 ms/op
WorkloadResult  35: 5 op, 495273700.00 ns, 99.0547 ms/op
WorkloadResult  36: 5 op, 485261400.00 ns, 97.0523 ms/op
WorkloadResult  37: 5 op, 476011400.00 ns, 95.2023 ms/op
WorkloadResult  38: 5 op, 483604600.00 ns, 96.7209 ms/op
WorkloadResult  39: 5 op, 474405600.00 ns, 94.8811 ms/op
WorkloadResult  40: 5 op, 462778900.00 ns, 92.5558 ms/op
WorkloadResult  41: 5 op, 473152600.00 ns, 94.6305 ms/op
WorkloadResult  42: 5 op, 476371800.00 ns, 95.2744 ms/op
WorkloadResult  43: 5 op, 489491500.00 ns, 97.8983 ms/op
WorkloadResult  44: 5 op, 489962700.00 ns, 97.9925 ms/op
WorkloadResult  45: 5 op, 496390700.00 ns, 99.2781 ms/op
WorkloadResult  46: 5 op, 476208200.00 ns, 95.2416 ms/op
WorkloadResult  47: 5 op, 503577900.00 ns, 100.7156 ms/op
WorkloadResult  48: 5 op, 467485200.00 ns, 93.4970 ms/op
WorkloadResult  49: 5 op, 433361300.00 ns, 86.6723 ms/op
WorkloadResult  50: 5 op, 460837700.00 ns, 92.1675 ms/op
WorkloadResult  51: 5 op, 454366300.00 ns, 90.8733 ms/op
WorkloadResult  52: 5 op, 464792100.00 ns, 92.9584 ms/op
WorkloadResult  53: 5 op, 477572800.00 ns, 95.5146 ms/op
WorkloadResult  54: 5 op, 473615600.00 ns, 94.7231 ms/op
WorkloadResult  55: 5 op, 458143100.00 ns, 91.6286 ms/op
WorkloadResult  56: 5 op, 467028200.00 ns, 93.4056 ms/op
WorkloadResult  57: 5 op, 456984200.00 ns, 91.3968 ms/op
WorkloadResult  58: 5 op, 472394600.00 ns, 94.4789 ms/op
WorkloadResult  59: 5 op, 473319000.00 ns, 94.6638 ms/op
WorkloadResult  60: 5 op, 482539400.00 ns, 96.5079 ms/op
WorkloadResult  61: 5 op, 514994600.00 ns, 102.9989 ms/op
WorkloadResult  62: 5 op, 445700200.00 ns, 89.1400 ms/op
WorkloadResult  63: 5 op, 477900600.00 ns, 95.5801 ms/op
WorkloadResult  64: 5 op, 471335400.00 ns, 94.2671 ms/op
WorkloadResult  65: 5 op, 504447600.00 ns, 100.8895 ms/op
WorkloadResult  66: 5 op, 530967400.00 ns, 106.1935 ms/op
WorkloadResult  67: 5 op, 551889400.00 ns, 110.3779 ms/op
WorkloadResult  68: 5 op, 513098600.00 ns, 102.6197 ms/op
WorkloadResult  69: 5 op, 532979100.00 ns, 106.5958 ms/op
WorkloadResult  70: 5 op, 550254700.00 ns, 110.0509 ms/op
WorkloadResult  71: 5 op, 502111300.00 ns, 100.4223 ms/op
WorkloadResult  72: 5 op, 500641600.00 ns, 100.1283 ms/op
WorkloadResult  73: 5 op, 472501800.00 ns, 94.5004 ms/op
WorkloadResult  74: 5 op, 464609300.00 ns, 92.9219 ms/op
WorkloadResult  75: 5 op, 487390400.00 ns, 97.4781 ms/op
WorkloadResult  76: 5 op, 456261400.00 ns, 91.2523 ms/op
WorkloadResult  77: 5 op, 489503900.00 ns, 97.9008 ms/op
WorkloadResult  78: 5 op, 465931700.00 ns, 93.1863 ms/op
WorkloadResult  79: 5 op, 473364000.00 ns, 94.6728 ms/op
WorkloadResult  80: 5 op, 500155200.00 ns, 100.0310 ms/op
WorkloadResult  81: 5 op, 473657800.00 ns, 94.7316 ms/op
WorkloadResult  82: 5 op, 469988400.00 ns, 93.9977 ms/op
WorkloadResult  83: 5 op, 438477600.00 ns, 87.6955 ms/op
WorkloadResult  84: 5 op, 480025300.00 ns, 96.0051 ms/op
WorkloadResult  85: 5 op, 514442400.00 ns, 102.8885 ms/op
WorkloadResult  86: 5 op, 474388400.00 ns, 94.8777 ms/op
WorkloadResult  87: 5 op, 459160300.00 ns, 91.8321 ms/op
WorkloadResult  88: 5 op, 455959900.00 ns, 91.1920 ms/op
WorkloadResult  89: 5 op, 448873800.00 ns, 89.7748 ms/op
WorkloadResult  90: 5 op, 454628600.00 ns, 90.9257 ms/op
WorkloadResult  91: 5 op, 416049200.00 ns, 83.2098 ms/op
WorkloadResult  92: 5 op, 449956200.00 ns, 89.9912 ms/op
WorkloadResult  93: 5 op, 446202200.00 ns, 89.2404 ms/op
WorkloadResult  94: 5 op, 412772700.00 ns, 82.5545 ms/op
WorkloadResult  95: 5 op, 477968600.00 ns, 95.5937 ms/op
WorkloadResult  96: 5 op, 452172600.00 ns, 90.4345 ms/op
WorkloadResult  97: 5 op, 506753200.00 ns, 101.3506 ms/op
// GC:  2241 1116 191 2501564016 5
// Threading:  0 0 5

// AfterAll
// Benchmark Process 4300 has exited with code 0.

Mean = 96.887 ms, StdErr = 0.621 ms (0.64%), N = 97, StdDev = 6.116 ms
Min = 82.231 ms, Q1 = 92.922 ms, Median = 95.580 ms, Q3 = 100.716 ms, Max = 112.303 ms
IQR = 7.794 ms, LowerFence = 81.231 ms, UpperFence = 112.406 ms
ConfidenceInterval = [94.779 ms; 98.995 ms] (CI 99.9%), Margin = 2.108 ms (2.18% of Mean)
Skewness = 0.25, Kurtosis = 3.1, MValue = 2.52

// ** Remained 3 (37.5%) benchmark(s) to run. Estimated finish 2026-09-22 1:01 (0h 3m from now) **
Setup power plan (GUID: 8c5e7fda-e8bf-4a96-9a85-a6e23a8c635c FriendlyName: High performance)
// **************************
// Benchmark: ScheduleBenchmark.StringBuilderConcatenation: DefaultJob [Iterations=10000]
// *** Execute ***
// Launch: 1 / 1
// Execute: dotnet AcademyScheduleAnalyzer-DefaultJob-1.dll --anonymousPipes 1396 1384 --benchmarkName "AcademyScheduleAnalyzer.ScheduleBenchmark.StringBuilderConcatenation(Iterations: 10000)" --job Default --benchmarkId 5 in C:\Users\ALMASRIA4COMP\RiderProjects\Omar-Fathi-Dev-Assignment-4\AcademyScheduleAnalyzer\AcademyScheduleAnalyzer\bin\Release\net10.0\AcademyScheduleAnalyzer-DefaultJob-1\bin\Release\net10.0
// BeforeAnythingElse

// Benchmark Process Environment Information:
// BenchmarkDotNet v0.15.8
// Runtime=.NET 10.0.12 (10.0.12, 10.0.1226.42308), X64 RyuJIT x86-64-v3
// GC=Concurrent Workstation
// HardwareIntrinsics=AVX2+BMI1+BMI2+F16C+FMA+LZCNT+MOVBE,AVX,SSE3+SSSE3+SSE4.1+SSE4.2+POPCNT,X86Base+SSE+SSE2,AES+PCLMUL VectorSize=256
// Job: DefaultJob

OverheadJitting  1: 1 op, 433600.00 ns, 433.6000 us/op
WorkloadJitting  1: 1 op, 2273200.00 ns, 2.2732 ms/op

OverheadJitting  2: 16 op, 1046600.00 ns, 65.4125 us/op
WorkloadJitting  2: 16 op, 4915800.00 ns, 307.2375 us/op

WorkloadPilot    1: 16 op, 2204600.00 ns, 137.7875 us/op
WorkloadPilot    2: 32 op, 5638600.00 ns, 176.2063 us/op
WorkloadPilot    3: 64 op, 11351600.00 ns, 177.3688 us/op
WorkloadPilot    4: 128 op, 22269500.00 ns, 173.9805 us/op
WorkloadPilot    5: 256 op, 42768200.00 ns, 167.0633 us/op
WorkloadPilot    6: 512 op, 79452200.00 ns, 155.1801 us/op
WorkloadPilot    7: 1024 op, 144439000.00 ns, 141.0537 us/op
WorkloadPilot    8: 2048 op, 250923800.00 ns, 122.5214 us/op
WorkloadPilot    9: 4096 op, 479855200.00 ns, 117.1521 us/op
WorkloadPilot   10: 8192 op, 959120300.00 ns, 117.0801 us/op

OverheadWarmup   1: 8192 op, 50200.00 ns, 6.1279 ns/op
OverheadWarmup   2: 8192 op, 49200.00 ns, 6.0059 ns/op
OverheadWarmup   3: 8192 op, 39400.00 ns, 4.8096 ns/op
OverheadWarmup   4: 8192 op, 48300.00 ns, 5.8960 ns/op
OverheadWarmup   5: 8192 op, 48700.00 ns, 5.9448 ns/op
OverheadWarmup   6: 8192 op, 41400.00 ns, 5.0537 ns/op
OverheadWarmup   7: 8192 op, 48300.00 ns, 5.8960 ns/op
OverheadWarmup   8: 8192 op, 39600.00 ns, 4.8340 ns/op

OverheadActual   1: 8192 op, 49600.00 ns, 6.0547 ns/op
OverheadActual   2: 8192 op, 48700.00 ns, 5.9448 ns/op
OverheadActual   3: 8192 op, 57500.00 ns, 7.0190 ns/op
OverheadActual   4: 8192 op, 56400.00 ns, 6.8848 ns/op
OverheadActual   5: 8192 op, 52900.00 ns, 6.4575 ns/op
OverheadActual   6: 8192 op, 61700.00 ns, 7.5317 ns/op
OverheadActual   7: 8192 op, 54600.00 ns, 6.6650 ns/op
OverheadActual   8: 8192 op, 55400.00 ns, 6.7627 ns/op
OverheadActual   9: 8192 op, 52700.00 ns, 6.4331 ns/op
OverheadActual  10: 8192 op, 67400.00 ns, 8.2275 ns/op
OverheadActual  11: 8192 op, 53000.00 ns, 6.4697 ns/op
OverheadActual  12: 8192 op, 61000.00 ns, 7.4463 ns/op
OverheadActual  13: 8192 op, 56600.00 ns, 6.9092 ns/op
OverheadActual  14: 8192 op, 59500.00 ns, 7.2632 ns/op
OverheadActual  15: 8192 op, 52100.00 ns, 6.3599 ns/op
OverheadActual  16: 8192 op, 73800.00 ns, 9.0088 ns/op
OverheadActual  17: 8192 op, 49300.00 ns, 6.0181 ns/op
OverheadActual  18: 8192 op, 49200.00 ns, 6.0059 ns/op
OverheadActual  19: 8192 op, 49100.00 ns, 5.9937 ns/op
OverheadActual  20: 8192 op, 48500.00 ns, 5.9204 ns/op

WorkloadWarmup   1: 8192 op, 1024324800.00 ns, 125.0396 us/op
WorkloadWarmup   2: 8192 op, 1023193100.00 ns, 124.9015 us/op
WorkloadWarmup   3: 8192 op, 1049999700.00 ns, 128.1738 us/op
WorkloadWarmup   4: 8192 op, 1096050700.00 ns, 133.7953 us/op
WorkloadWarmup   5: 8192 op, 991688900.00 ns, 121.0558 us/op
WorkloadWarmup   6: 8192 op, 1050389700.00 ns, 128.2214 us/op
WorkloadWarmup   7: 8192 op, 1013226800.00 ns, 123.6849 us/op

// BeforeActualRun
WorkloadActual   1: 8192 op, 1008624000.00 ns, 123.1230 us/op
WorkloadActual   2: 8192 op, 969679400.00 ns, 118.3691 us/op
WorkloadActual   3: 8192 op, 968537000.00 ns, 118.2296 us/op
WorkloadActual   4: 8192 op, 943504300.00 ns, 115.1739 us/op
WorkloadActual   5: 8192 op, 950976400.00 ns, 116.0860 us/op
WorkloadActual   6: 8192 op, 962071900.00 ns, 117.4404 us/op
WorkloadActual   7: 8192 op, 1007340100.00 ns, 122.9663 us/op
WorkloadActual   8: 8192 op, 1121730300.00 ns, 136.9300 us/op
WorkloadActual   9: 8192 op, 1007863300.00 ns, 123.0302 us/op
WorkloadActual  10: 8192 op, 994066000.00 ns, 121.3459 us/op
WorkloadActual  11: 8192 op, 960510600.00 ns, 117.2498 us/op
WorkloadActual  12: 8192 op, 968400000.00 ns, 118.2129 us/op
WorkloadActual  13: 8192 op, 970464100.00 ns, 118.4649 us/op
WorkloadActual  14: 8192 op, 1030896600.00 ns, 125.8419 us/op
WorkloadActual  15: 8192 op, 987925100.00 ns, 120.5963 us/op
WorkloadActual  16: 8192 op, 987249500.00 ns, 120.5139 us/op
WorkloadActual  17: 8192 op, 959701500.00 ns, 117.1511 us/op
WorkloadActual  18: 8192 op, 1030362600.00 ns, 125.7767 us/op
WorkloadActual  19: 8192 op, 1090537100.00 ns, 133.1222 us/op
WorkloadActual  20: 8192 op, 1062182200.00 ns, 129.6609 us/op
WorkloadActual  21: 8192 op, 1132475400.00 ns, 138.2416 us/op
WorkloadActual  22: 8192 op, 1064174600.00 ns, 129.9041 us/op
WorkloadActual  23: 8192 op, 1070041400.00 ns, 130.6203 us/op
WorkloadActual  24: 8192 op, 1195395400.00 ns, 145.9223 us/op
WorkloadActual  25: 8192 op, 1108401700.00 ns, 135.3029 us/op
WorkloadActual  26: 8192 op, 1163230900.00 ns, 141.9960 us/op
WorkloadActual  27: 8192 op, 997638400.00 ns, 121.7820 us/op
WorkloadActual  28: 8192 op, 990227600.00 ns, 120.8774 us/op
WorkloadActual  29: 8192 op, 971053100.00 ns, 118.5368 us/op
WorkloadActual  30: 8192 op, 1011002600.00 ns, 123.4134 us/op
WorkloadActual  31: 8192 op, 1089780800.00 ns, 133.0299 us/op
WorkloadActual  32: 8192 op, 1105237000.00 ns, 134.9166 us/op
WorkloadActual  33: 8192 op, 1158105600.00 ns, 141.3703 us/op
WorkloadActual  34: 8192 op, 1154915700.00 ns, 140.9809 us/op
WorkloadActual  35: 8192 op, 1136756200.00 ns, 138.7642 us/op
WorkloadActual  36: 8192 op, 1025270900.00 ns, 125.1551 us/op
WorkloadActual  37: 8192 op, 1018728900.00 ns, 124.3566 us/op
WorkloadActual  38: 8192 op, 889807400.00 ns, 108.6191 us/op
WorkloadActual  39: 8192 op, 863509500.00 ns, 105.4089 us/op
WorkloadActual  40: 8192 op, 866218500.00 ns, 105.7396 us/op
WorkloadActual  41: 8192 op, 873412400.00 ns, 106.6177 us/op
WorkloadActual  42: 8192 op, 1131908600.00 ns, 138.1724 us/op
WorkloadActual  43: 8192 op, 862503100.00 ns, 105.2860 us/op
WorkloadActual  44: 8192 op, 946543100.00 ns, 115.5448 us/op
WorkloadActual  45: 8192 op, 889231800.00 ns, 108.5488 us/op
WorkloadActual  46: 8192 op, 871213400.00 ns, 106.3493 us/op
WorkloadActual  47: 8192 op, 881918100.00 ns, 107.6560 us/op
WorkloadActual  48: 8192 op, 854103500.00 ns, 104.2607 us/op
WorkloadActual  49: 8192 op, 887817900.00 ns, 108.3762 us/op
WorkloadActual  50: 8192 op, 890207200.00 ns, 108.6679 us/op
WorkloadActual  51: 8192 op, 872224500.00 ns, 106.4727 us/op
WorkloadActual  52: 8192 op, 856328200.00 ns, 104.5323 us/op
WorkloadActual  53: 8192 op, 855180200.00 ns, 104.3921 us/op
WorkloadActual  54: 8192 op, 863686700.00 ns, 105.4305 us/op
WorkloadActual  55: 8192 op, 910301500.00 ns, 111.1208 us/op
WorkloadActual  56: 8192 op, 869222100.00 ns, 106.1062 us/op
WorkloadActual  57: 8192 op, 851007100.00 ns, 103.8827 us/op
WorkloadActual  58: 8192 op, 864724700.00 ns, 105.5572 us/op
WorkloadActual  59: 8192 op, 882956000.00 ns, 107.7827 us/op
WorkloadActual  60: 8192 op, 851988800.00 ns, 104.0025 us/op
WorkloadActual  61: 8192 op, 907759500.00 ns, 110.8105 us/op
WorkloadActual  62: 8192 op, 862270500.00 ns, 105.2576 us/op
WorkloadActual  63: 8192 op, 893136000.00 ns, 109.0254 us/op
WorkloadActual  64: 8192 op, 848431400.00 ns, 103.5683 us/op
WorkloadActual  65: 8192 op, 858415600.00 ns, 104.7871 us/op
WorkloadActual  66: 8192 op, 877469700.00 ns, 107.1130 us/op
WorkloadActual  67: 8192 op, 872466400.00 ns, 106.5022 us/op
WorkloadActual  68: 8192 op, 872671300.00 ns, 106.5273 us/op
WorkloadActual  69: 8192 op, 851367300.00 ns, 103.9267 us/op
WorkloadActual  70: 8192 op, 1001214900.00 ns, 122.2186 us/op
WorkloadActual  71: 8192 op, 894611100.00 ns, 109.2055 us/op
WorkloadActual  72: 8192 op, 913441000.00 ns, 111.5040 us/op
WorkloadActual  73: 8192 op, 879631600.00 ns, 107.3769 us/op
WorkloadActual  74: 8192 op, 882144300.00 ns, 107.6836 us/op
WorkloadActual  75: 8192 op, 933774400.00 ns, 113.9861 us/op
WorkloadActual  76: 8192 op, 864390700.00 ns, 105.5164 us/op
WorkloadActual  77: 8192 op, 1000241800.00 ns, 122.0998 us/op
WorkloadActual  78: 8192 op, 909295100.00 ns, 110.9979 us/op
WorkloadActual  79: 8192 op, 858770700.00 ns, 104.8304 us/op
WorkloadActual  80: 8192 op, 896526200.00 ns, 109.4392 us/op
WorkloadActual  81: 8192 op, 858148000.00 ns, 104.7544 us/op
WorkloadActual  82: 8192 op, 855168100.00 ns, 104.3906 us/op
WorkloadActual  83: 8192 op, 902468800.00 ns, 110.1646 us/op
WorkloadActual  84: 8192 op, 886349000.00 ns, 108.1969 us/op
WorkloadActual  85: 8192 op, 898987200.00 ns, 109.7396 us/op
WorkloadActual  86: 8192 op, 860298700.00 ns, 105.0169 us/op
WorkloadActual  87: 8192 op, 882528600.00 ns, 107.7305 us/op
WorkloadActual  88: 8192 op, 932132900.00 ns, 113.7858 us/op
WorkloadActual  89: 8192 op, 912246400.00 ns, 111.3582 us/op
WorkloadActual  90: 8192 op, 873950300.00 ns, 106.6834 us/op
WorkloadActual  91: 8192 op, 854163900.00 ns, 104.2681 us/op
WorkloadActual  92: 8192 op, 849307600.00 ns, 103.6752 us/op
WorkloadActual  93: 8192 op, 857979400.00 ns, 104.7338 us/op
WorkloadActual  94: 8192 op, 930183500.00 ns, 113.5478 us/op
WorkloadActual  95: 8192 op, 895829600.00 ns, 109.3542 us/op
WorkloadActual  96: 8192 op, 846222700.00 ns, 103.2987 us/op
WorkloadActual  97: 8192 op, 858886800.00 ns, 104.8446 us/op
WorkloadActual  98: 8192 op, 909127900.00 ns, 110.9775 us/op
WorkloadActual  99: 8192 op, 889115300.00 ns, 108.5346 us/op
WorkloadActual  100: 8192 op, 882194300.00 ns, 107.6897 us/op

// AfterActualRun
WorkloadResult   1: 8192 op, 1008570200.00 ns, 123.1165 us/op
WorkloadResult   2: 8192 op, 969625600.00 ns, 118.3625 us/op
WorkloadResult   3: 8192 op, 968483200.00 ns, 118.2230 us/op
WorkloadResult   4: 8192 op, 943450500.00 ns, 115.1673 us/op
WorkloadResult   5: 8192 op, 950922600.00 ns, 116.0794 us/op
WorkloadResult   6: 8192 op, 962018100.00 ns, 117.4339 us/op
WorkloadResult   7: 8192 op, 1007286300.00 ns, 122.9598 us/op
WorkloadResult   8: 8192 op, 1121676500.00 ns, 136.9234 us/op
WorkloadResult   9: 8192 op, 1007809500.00 ns, 123.0236 us/op
WorkloadResult  10: 8192 op, 994012200.00 ns, 121.3394 us/op
WorkloadResult  11: 8192 op, 960456800.00 ns, 117.2433 us/op
WorkloadResult  12: 8192 op, 968346200.00 ns, 118.2063 us/op
WorkloadResult  13: 8192 op, 970410300.00 ns, 118.4583 us/op
WorkloadResult  14: 8192 op, 1030842800.00 ns, 125.8353 us/op
WorkloadResult  15: 8192 op, 987871300.00 ns, 120.5898 us/op
WorkloadResult  16: 8192 op, 987195700.00 ns, 120.5073 us/op
WorkloadResult  17: 8192 op, 959647700.00 ns, 117.1445 us/op
WorkloadResult  18: 8192 op, 1030308800.00 ns, 125.7701 us/op
WorkloadResult  19: 8192 op, 1090483300.00 ns, 133.1156 us/op
WorkloadResult  20: 8192 op, 1062128400.00 ns, 129.6543 us/op
WorkloadResult  21: 8192 op, 1132421600.00 ns, 138.2351 us/op
WorkloadResult  22: 8192 op, 1064120800.00 ns, 129.8976 us/op
WorkloadResult  23: 8192 op, 1069987600.00 ns, 130.6137 us/op
WorkloadResult  24: 8192 op, 1108347900.00 ns, 135.2964 us/op
WorkloadResult  25: 8192 op, 1163177100.00 ns, 141.9894 us/op
WorkloadResult  26: 8192 op, 997584600.00 ns, 121.7755 us/op
WorkloadResult  27: 8192 op, 990173800.00 ns, 120.8708 us/op
WorkloadResult  28: 8192 op, 970999300.00 ns, 118.5302 us/op
WorkloadResult  29: 8192 op, 1010948800.00 ns, 123.4068 us/op
WorkloadResult  30: 8192 op, 1089727000.00 ns, 133.0233 us/op
WorkloadResult  31: 8192 op, 1105183200.00 ns, 134.9101 us/op
WorkloadResult  32: 8192 op, 1158051800.00 ns, 141.3637 us/op
WorkloadResult  33: 8192 op, 1154861900.00 ns, 140.9744 us/op
WorkloadResult  34: 8192 op, 1136702400.00 ns, 138.7576 us/op
WorkloadResult  35: 8192 op, 1025217100.00 ns, 125.1486 us/op
WorkloadResult  36: 8192 op, 1018675100.00 ns, 124.3500 us/op
WorkloadResult  37: 8192 op, 889753600.00 ns, 108.6125 us/op
WorkloadResult  38: 8192 op, 863455700.00 ns, 105.4023 us/op
WorkloadResult  39: 8192 op, 866164700.00 ns, 105.7330 us/op
WorkloadResult  40: 8192 op, 873358600.00 ns, 106.6112 us/op
WorkloadResult  41: 8192 op, 1131854800.00 ns, 138.1659 us/op
WorkloadResult  42: 8192 op, 862449300.00 ns, 105.2795 us/op
WorkloadResult  43: 8192 op, 946489300.00 ns, 115.5382 us/op
WorkloadResult  44: 8192 op, 889178000.00 ns, 108.5422 us/op
WorkloadResult  45: 8192 op, 871159600.00 ns, 106.3427 us/op
WorkloadResult  46: 8192 op, 881864300.00 ns, 107.6495 us/op
WorkloadResult  47: 8192 op, 854049700.00 ns, 104.2541 us/op
WorkloadResult  48: 8192 op, 887764100.00 ns, 108.3696 us/op
WorkloadResult  49: 8192 op, 890153400.00 ns, 108.6613 us/op
WorkloadResult  50: 8192 op, 872170700.00 ns, 106.4661 us/op
WorkloadResult  51: 8192 op, 856274400.00 ns, 104.5257 us/op
WorkloadResult  52: 8192 op, 855126400.00 ns, 104.3855 us/op
WorkloadResult  53: 8192 op, 863632900.00 ns, 105.4239 us/op
WorkloadResult  54: 8192 op, 910247700.00 ns, 111.1142 us/op
WorkloadResult  55: 8192 op, 869168300.00 ns, 106.0996 us/op
WorkloadResult  56: 8192 op, 850953300.00 ns, 103.8761 us/op
WorkloadResult  57: 8192 op, 864670900.00 ns, 105.5506 us/op
WorkloadResult  58: 8192 op, 882902200.00 ns, 107.7761 us/op
WorkloadResult  59: 8192 op, 851935000.00 ns, 103.9960 us/op
WorkloadResult  60: 8192 op, 907705700.00 ns, 110.8039 us/op
WorkloadResult  61: 8192 op, 862216700.00 ns, 105.2511 us/op
WorkloadResult  62: 8192 op, 893082200.00 ns, 109.0188 us/op
WorkloadResult  63: 8192 op, 848377600.00 ns, 103.5617 us/op
WorkloadResult  64: 8192 op, 858361800.00 ns, 104.7805 us/op
WorkloadResult  65: 8192 op, 877415900.00 ns, 107.1064 us/op
WorkloadResult  66: 8192 op, 872412600.00 ns, 106.4957 us/op
WorkloadResult  67: 8192 op, 872617500.00 ns, 106.5207 us/op
WorkloadResult  68: 8192 op, 851313500.00 ns, 103.9201 us/op
WorkloadResult  69: 8192 op, 1001161100.00 ns, 122.2120 us/op
WorkloadResult  70: 8192 op, 894557300.00 ns, 109.1989 us/op
WorkloadResult  71: 8192 op, 913387200.00 ns, 111.4975 us/op
WorkloadResult  72: 8192 op, 879577800.00 ns, 107.3703 us/op
WorkloadResult  73: 8192 op, 882090500.00 ns, 107.6771 us/op
WorkloadResult  74: 8192 op, 933720600.00 ns, 113.9796 us/op
WorkloadResult  75: 8192 op, 864336900.00 ns, 105.5099 us/op
WorkloadResult  76: 8192 op, 1000188000.00 ns, 122.0933 us/op
WorkloadResult  77: 8192 op, 909241300.00 ns, 110.9914 us/op
WorkloadResult  78: 8192 op, 858716900.00 ns, 104.8238 us/op
WorkloadResult  79: 8192 op, 896472400.00 ns, 109.4327 us/op
WorkloadResult  80: 8192 op, 858094200.00 ns, 104.7478 us/op
WorkloadResult  81: 8192 op, 855114300.00 ns, 104.3841 us/op
WorkloadResult  82: 8192 op, 902415000.00 ns, 110.1581 us/op
WorkloadResult  83: 8192 op, 886295200.00 ns, 108.1903 us/op
WorkloadResult  84: 8192 op, 898933400.00 ns, 109.7331 us/op
WorkloadResult  85: 8192 op, 860244900.00 ns, 105.0104 us/op
WorkloadResult  86: 8192 op, 882474800.00 ns, 107.7240 us/op
WorkloadResult  87: 8192 op, 932079100.00 ns, 113.7792 us/op
WorkloadResult  88: 8192 op, 912192600.00 ns, 111.3516 us/op
WorkloadResult  89: 8192 op, 873896500.00 ns, 106.6768 us/op
WorkloadResult  90: 8192 op, 854110100.00 ns, 104.2615 us/op
WorkloadResult  91: 8192 op, 849253800.00 ns, 103.6687 us/op
WorkloadResult  92: 8192 op, 857925600.00 ns, 104.7272 us/op
WorkloadResult  93: 8192 op, 930129700.00 ns, 113.5412 us/op
WorkloadResult  94: 8192 op, 895775800.00 ns, 109.3476 us/op
WorkloadResult  95: 8192 op, 846168900.00 ns, 103.2921 us/op
WorkloadResult  96: 8192 op, 858833000.00 ns, 104.8380 us/op
WorkloadResult  97: 8192 op, 909074100.00 ns, 110.9710 us/op
WorkloadResult  98: 8192 op, 889061500.00 ns, 108.5280 us/op
WorkloadResult  99: 8192 op, 882140500.00 ns, 107.6832 us/op
// GC:  513 255 255 1749569200 8192
// Threading:  0 0 8192

// AfterAll
// Benchmark Process 5744 has exited with code 0.

Mean = 114.763 μs, StdErr = 1.085 μs (0.95%), N = 99, StdDev = 10.797 μs
Min = 103.292 μs, Q1 = 106.221 μs, Median = 110.158 μs, Q3 = 121.557 μs, Max = 141.989 μs
IQR = 15.336 μs, LowerFence = 83.217 μs, UpperFence = 144.562 μs
ConfidenceInterval = [111.082 μs; 118.444 μs] (CI 99.9%), Margin = 3.681 μs (3.21% of Mean)
Skewness = 0.98, Kurtosis = 2.86, MValue = 2.26

// ** Remained 2 (25.0%) benchmark(s) to run. Estimated finish 2026-09-22 1:02 (0h 2m from now) **
Setup power plan (GUID: 8c5e7fda-e8bf-4a96-9a85-a6e23a8c635c FriendlyName: High performance)
// **************************
// Benchmark: ScheduleBenchmark.StringConcatenation: DefaultJob [Iterations=100000]
// *** Execute ***
// Launch: 1 / 1
// Execute: dotnet AcademyScheduleAnalyzer-DefaultJob-1.dll --anonymousPipes 1308 1332 --benchmarkName "AcademyScheduleAnalyzer.ScheduleBenchmark.StringConcatenation(Iterations: 100000)" --job Default --benchmarkId 6 in C:\Users\ALMASRIA4COMP\RiderProjects\Omar-Fathi-Dev-Assignment-4\AcademyScheduleAnalyzer\AcademyScheduleAnalyzer\bin\Release\net10.0\AcademyScheduleAnalyzer-DefaultJob-1\bin\Release\net10.0
// BeforeAnythingElse

// Benchmark Process Environment Information:
// BenchmarkDotNet v0.15.8
// Runtime=.NET 10.0.12 (10.0.12, 10.0.1226.42308), X64 RyuJIT x86-64-v3
// GC=Concurrent Workstation
// HardwareIntrinsics=AVX2+BMI1+BMI2+F16C+FMA+LZCNT+MOVBE,AVX,SSE3+SSSE3+SSE4.1+SSE4.2+POPCNT,X86Base+SSE+SSE2,AES+PCLMUL VectorSize=256
// Job: DefaultJob

OverheadJitting  1: 1 op, 330600.00 ns, 330.6000 us/op
WorkloadJitting  1: 1 op, 14475985500.00 ns, 14.4760 s/op

WorkloadWarmup   1: 1 op, 14533052300.00 ns, 14.5331 s/op
WorkloadWarmup   2: 1 op, 14475605000.00 ns, 14.4756 s/op
WorkloadWarmup   3: 1 op, 13742845800.00 ns, 13.7428 s/op
WorkloadWarmup   4: 1 op, 13684018500.00 ns, 13.6840 s/op
WorkloadWarmup   5: 1 op, 13448079200.00 ns, 13.4481 s/op
WorkloadWarmup   6: 1 op, 13528002700.00 ns, 13.5280 s/op
WorkloadWarmup   7: 1 op, 13426697200.00 ns, 13.4267 s/op
WorkloadWarmup   8: 1 op, 13643576700.00 ns, 13.6436 s/op
WorkloadWarmup   9: 1 op, 13456428500.00 ns, 13.4564 s/op

// BeforeActualRun
WorkloadActual   1: 1 op, 13282508700.00 ns, 13.2825 s/op
WorkloadActual   2: 1 op, 13596815100.00 ns, 13.5968 s/op
WorkloadActual   3: 1 op, 13590839000.00 ns, 13.5908 s/op
WorkloadActual   4: 1 op, 13755155500.00 ns, 13.7552 s/op
WorkloadActual   5: 1 op, 13565410100.00 ns, 13.5654 s/op
WorkloadActual   6: 1 op, 13503890300.00 ns, 13.5039 s/op
WorkloadActual   7: 1 op, 13484816000.00 ns, 13.4848 s/op
WorkloadActual   8: 1 op, 14024991900.00 ns, 14.0250 s/op
WorkloadActual   9: 1 op, 14690244100.00 ns, 14.6902 s/op
WorkloadActual  10: 1 op, 13488467400.00 ns, 13.4885 s/op
WorkloadActual  11: 1 op, 13543399500.00 ns, 13.5434 s/op
WorkloadActual  12: 1 op, 13589745600.00 ns, 13.5897 s/op
WorkloadActual  13: 1 op, 13661411700.00 ns, 13.6614 s/op
WorkloadActual  14: 1 op, 13872788000.00 ns, 13.8728 s/op
WorkloadActual  15: 1 op, 13754288400.00 ns, 13.7543 s/op

// AfterActualRun
WorkloadResult   1: 1 op, 13282508700.00 ns, 13.2825 s/op
WorkloadResult   2: 1 op, 13596815100.00 ns, 13.5968 s/op
WorkloadResult   3: 1 op, 13590839000.00 ns, 13.5908 s/op
WorkloadResult   4: 1 op, 13755155500.00 ns, 13.7552 s/op
WorkloadResult   5: 1 op, 13565410100.00 ns, 13.5654 s/op
WorkloadResult   6: 1 op, 13503890300.00 ns, 13.5039 s/op
WorkloadResult   7: 1 op, 13484816000.00 ns, 13.4848 s/op
WorkloadResult   8: 1 op, 14024991900.00 ns, 14.0250 s/op
WorkloadResult   9: 1 op, 13488467400.00 ns, 13.4885 s/op
WorkloadResult  10: 1 op, 13543399500.00 ns, 13.5434 s/op
WorkloadResult  11: 1 op, 13589745600.00 ns, 13.5897 s/op
WorkloadResult  12: 1 op, 13661411700.00 ns, 13.6614 s/op
WorkloadResult  13: 1 op, 13872788000.00 ns, 13.8728 s/op
WorkloadResult  14: 1 op, 13754288400.00 ns, 13.7543 s/op
// GC:  11903 11645 11645 50006711400 1
// Threading:  0 0 1

// AfterAll
// Benchmark Process 2888 has exited with code 0.

Mean = 13.622 s, StdErr = 0.049 s (0.36%), N = 14, StdDev = 0.184 s
Min = 13.283 s, Q1 = 13.514 s, Median = 13.590 s, Q3 = 13.731 s, Max = 14.025 s
IQR = 0.217 s, LowerFence = 13.188 s, UpperFence = 14.057 s
ConfidenceInterval = [13.415 s; 13.830 s] (CI 99.9%), Margin = 0.208 s (1.52% of Mean)
Skewness = 0.45, Kurtosis = 2.81, MValue = 2

// ** Remained 1 (12.5%) benchmark(s) to run. Estimated finish 2026-09-22 1:07 (0h 1m from now) **
Setup power plan (GUID: 8c5e7fda-e8bf-4a96-9a85-a6e23a8c635c FriendlyName: High performance)
// **************************
// Benchmark: ScheduleBenchmark.StringBuilderConcatenation: DefaultJob [Iterations=100000]
// *** Execute ***
// Launch: 1 / 1
// Execute: dotnet AcademyScheduleAnalyzer-DefaultJob-1.dll --anonymousPipes 1308 1332 --benchmarkName "AcademyScheduleAnalyzer.ScheduleBenchmark.StringBuilderConcatenation(Iterations: 100000)" --job Default --benchmarkId 7 in C:\Users\ALMASRIA4COMP\RiderProjects\Omar-Fathi-Dev-Assignment-4\AcademyScheduleAnalyzer\AcademyScheduleAnalyzer\bin\Release\net10.0\AcademyScheduleAnalyzer-DefaultJob-1\bin\Release\net10.0
// BeforeAnythingElse

// Benchmark Process Environment Information:
// BenchmarkDotNet v0.15.8
// Runtime=.NET 10.0.12 (10.0.12, 10.0.1226.42308), X64 RyuJIT x86-64-v3
// GC=Concurrent Workstation
// HardwareIntrinsics=AVX2+BMI1+BMI2+F16C+FMA+LZCNT+MOVBE,AVX,SSE3+SSSE3+SSE4.1+SSE4.2+POPCNT,X86Base+SSE+SSE2,AES+PCLMUL VectorSize=256
// Job: DefaultJob

OverheadJitting  1: 1 op, 327500.00 ns, 327.5000 us/op
WorkloadJitting  1: 1 op, 2963600.00 ns, 2.9636 ms/op

OverheadJitting  2: 16 op, 1277300.00 ns, 79.8313 us/op
WorkloadJitting  2: 16 op, 23671600.00 ns, 1.4795 ms/op

WorkloadPilot    1: 16 op, 24138200.00 ns, 1.5086 ms/op
WorkloadPilot    2: 32 op, 41477000.00 ns, 1.2962 ms/op
WorkloadPilot    3: 64 op, 76857400.00 ns, 1.2009 ms/op
WorkloadPilot    4: 128 op, 148886500.00 ns, 1.1632 ms/op
WorkloadPilot    5: 256 op, 299601900.00 ns, 1.1703 ms/op
WorkloadPilot    6: 512 op, 575668900.00 ns, 1.1244 ms/op

OverheadWarmup   1: 512 op, 5900.00 ns, 11.5234 ns/op
OverheadWarmup   2: 512 op, 6900.00 ns, 13.4766 ns/op
OverheadWarmup   3: 512 op, 4400.00 ns, 8.5938 ns/op
OverheadWarmup   4: 512 op, 5900.00 ns, 11.5234 ns/op
OverheadWarmup   5: 512 op, 5400.00 ns, 10.5469 ns/op

OverheadActual   1: 512 op, 6700.00 ns, 13.0859 ns/op
OverheadActual   2: 512 op, 6500.00 ns, 12.6953 ns/op
OverheadActual   3: 512 op, 6100.00 ns, 11.9141 ns/op
OverheadActual   4: 512 op, 4600.00 ns, 8.9844 ns/op
OverheadActual   5: 512 op, 4500.00 ns, 8.7891 ns/op
OverheadActual   6: 512 op, 4200.00 ns, 8.2031 ns/op
OverheadActual   7: 512 op, 4500.00 ns, 8.7891 ns/op
OverheadActual   8: 512 op, 3900.00 ns, 7.6172 ns/op
OverheadActual   9: 512 op, 4600.00 ns, 8.9844 ns/op
OverheadActual  10: 512 op, 4000.00 ns, 7.8125 ns/op
OverheadActual  11: 512 op, 4600.00 ns, 8.9844 ns/op
OverheadActual  12: 512 op, 6400.00 ns, 12.5000 ns/op
OverheadActual  13: 512 op, 4300.00 ns, 8.3984 ns/op
OverheadActual  14: 512 op, 5100.00 ns, 9.9609 ns/op
OverheadActual  15: 512 op, 3900.00 ns, 7.6172 ns/op
OverheadActual  16: 512 op, 4000.00 ns, 7.8125 ns/op
OverheadActual  17: 512 op, 4300.00 ns, 8.3984 ns/op
OverheadActual  18: 512 op, 4800.00 ns, 9.3750 ns/op
OverheadActual  19: 512 op, 6400.00 ns, 12.5000 ns/op
OverheadActual  20: 512 op, 6500.00 ns, 12.6953 ns/op

WorkloadWarmup   1: 512 op, 578817900.00 ns, 1.1305 ms/op
WorkloadWarmup   2: 512 op, 641973600.00 ns, 1.2539 ms/op
WorkloadWarmup   3: 512 op, 539490200.00 ns, 1.0537 ms/op
WorkloadWarmup   4: 512 op, 571696500.00 ns, 1.1166 ms/op
WorkloadWarmup   5: 512 op, 470699300.00 ns, 919.3346 us/op
WorkloadWarmup   6: 512 op, 417683700.00 ns, 815.7885 us/op

// BeforeActualRun
WorkloadActual   1: 512 op, 461471300.00 ns, 901.3111 us/op
WorkloadActual   2: 512 op, 556353900.00 ns, 1.0866 ms/op
WorkloadActual   3: 512 op, 580488900.00 ns, 1.1338 ms/op
WorkloadActual   4: 512 op, 551453100.00 ns, 1.0771 ms/op
WorkloadActual   5: 512 op, 528080700.00 ns, 1.0314 ms/op
WorkloadActual   6: 512 op, 568063100.00 ns, 1.1095 ms/op
WorkloadActual   7: 512 op, 545565200.00 ns, 1.0656 ms/op
WorkloadActual   8: 512 op, 552631000.00 ns, 1.0794 ms/op
WorkloadActual   9: 512 op, 526580700.00 ns, 1.0285 ms/op
WorkloadActual  10: 512 op, 549576700.00 ns, 1.0734 ms/op
WorkloadActual  11: 512 op, 568330000.00 ns, 1.1100 ms/op
WorkloadActual  12: 512 op, 562419500.00 ns, 1.0985 ms/op
WorkloadActual  13: 512 op, 555884400.00 ns, 1.0857 ms/op
WorkloadActual  14: 512 op, 538294500.00 ns, 1.0514 ms/op
WorkloadActual  15: 512 op, 557633700.00 ns, 1.0891 ms/op
WorkloadActual  16: 512 op, 539192800.00 ns, 1.0531 ms/op
WorkloadActual  17: 512 op, 560975300.00 ns, 1.0957 ms/op
WorkloadActual  18: 512 op, 526983900.00 ns, 1.0293 ms/op
WorkloadActual  19: 512 op, 527261800.00 ns, 1.0298 ms/op
WorkloadActual  20: 512 op, 582831900.00 ns, 1.1383 ms/op
WorkloadActual  21: 512 op, 573349000.00 ns, 1.1198 ms/op
WorkloadActual  22: 512 op, 571985700.00 ns, 1.1172 ms/op
WorkloadActual  23: 512 op, 607101000.00 ns, 1.1857 ms/op
WorkloadActual  24: 512 op, 557375100.00 ns, 1.0886 ms/op
WorkloadActual  25: 512 op, 543553700.00 ns, 1.0616 ms/op
WorkloadActual  26: 512 op, 531107700.00 ns, 1.0373 ms/op
WorkloadActual  27: 512 op, 567075700.00 ns, 1.1076 ms/op
WorkloadActual  28: 512 op, 544724100.00 ns, 1.0639 ms/op
WorkloadActual  29: 512 op, 576111300.00 ns, 1.1252 ms/op
WorkloadActual  30: 512 op, 564268300.00 ns, 1.1021 ms/op
WorkloadActual  31: 512 op, 575491700.00 ns, 1.1240 ms/op
WorkloadActual  32: 512 op, 550324000.00 ns, 1.0749 ms/op
WorkloadActual  33: 512 op, 545207500.00 ns, 1.0649 ms/op
WorkloadActual  34: 512 op, 553331400.00 ns, 1.0807 ms/op
WorkloadActual  35: 512 op, 542077900.00 ns, 1.0587 ms/op
WorkloadActual  36: 512 op, 544271500.00 ns, 1.0630 ms/op
WorkloadActual  37: 512 op, 523462800.00 ns, 1.0224 ms/op
WorkloadActual  38: 512 op, 573617300.00 ns, 1.1203 ms/op
WorkloadActual  39: 512 op, 549960700.00 ns, 1.0741 ms/op
WorkloadActual  40: 512 op, 548398600.00 ns, 1.0711 ms/op
WorkloadActual  41: 512 op, 539501300.00 ns, 1.0537 ms/op
WorkloadActual  42: 512 op, 552008200.00 ns, 1.0781 ms/op
WorkloadActual  43: 512 op, 542676200.00 ns, 1.0599 ms/op
WorkloadActual  44: 512 op, 540471500.00 ns, 1.0556 ms/op
WorkloadActual  45: 512 op, 544868800.00 ns, 1.0642 ms/op

// AfterActualRun
WorkloadResult   1: 512 op, 461466700.00 ns, 901.3021 us/op
WorkloadResult   2: 512 op, 556349300.00 ns, 1.0866 ms/op
WorkloadResult   3: 512 op, 580484300.00 ns, 1.1338 ms/op
WorkloadResult   4: 512 op, 551448500.00 ns, 1.0770 ms/op
WorkloadResult   5: 512 op, 528076100.00 ns, 1.0314 ms/op
WorkloadResult   6: 512 op, 568058500.00 ns, 1.1095 ms/op
WorkloadResult   7: 512 op, 545560600.00 ns, 1.0655 ms/op
WorkloadResult   8: 512 op, 552626400.00 ns, 1.0793 ms/op
WorkloadResult   9: 512 op, 526576100.00 ns, 1.0285 ms/op
WorkloadResult  10: 512 op, 549572100.00 ns, 1.0734 ms/op
WorkloadResult  11: 512 op, 568325400.00 ns, 1.1100 ms/op
WorkloadResult  12: 512 op, 562414900.00 ns, 1.0985 ms/op
WorkloadResult  13: 512 op, 555879800.00 ns, 1.0857 ms/op
WorkloadResult  14: 512 op, 538289900.00 ns, 1.0513 ms/op
WorkloadResult  15: 512 op, 557629100.00 ns, 1.0891 ms/op
WorkloadResult  16: 512 op, 539188200.00 ns, 1.0531 ms/op
WorkloadResult  17: 512 op, 560970700.00 ns, 1.0956 ms/op
WorkloadResult  18: 512 op, 526979300.00 ns, 1.0293 ms/op
WorkloadResult  19: 512 op, 527257200.00 ns, 1.0298 ms/op
WorkloadResult  20: 512 op, 582827300.00 ns, 1.1383 ms/op
WorkloadResult  21: 512 op, 573344400.00 ns, 1.1198 ms/op
WorkloadResult  22: 512 op, 571981100.00 ns, 1.1172 ms/op
WorkloadResult  23: 512 op, 557370500.00 ns, 1.0886 ms/op
WorkloadResult  24: 512 op, 543549100.00 ns, 1.0616 ms/op
WorkloadResult  25: 512 op, 531103100.00 ns, 1.0373 ms/op
WorkloadResult  26: 512 op, 567071100.00 ns, 1.1076 ms/op
WorkloadResult  27: 512 op, 544719500.00 ns, 1.0639 ms/op
WorkloadResult  28: 512 op, 576106700.00 ns, 1.1252 ms/op
WorkloadResult  29: 512 op, 564263700.00 ns, 1.1021 ms/op
WorkloadResult  30: 512 op, 575487100.00 ns, 1.1240 ms/op
WorkloadResult  31: 512 op, 550319400.00 ns, 1.0748 ms/op
WorkloadResult  32: 512 op, 545202900.00 ns, 1.0648 ms/op
WorkloadResult  33: 512 op, 553326800.00 ns, 1.0807 ms/op
WorkloadResult  34: 512 op, 542073300.00 ns, 1.0587 ms/op
WorkloadResult  35: 512 op, 544266900.00 ns, 1.0630 ms/op
WorkloadResult  36: 512 op, 523458200.00 ns, 1.0224 ms/op
WorkloadResult  37: 512 op, 573612700.00 ns, 1.1203 ms/op
WorkloadResult  38: 512 op, 549956100.00 ns, 1.0741 ms/op
WorkloadResult  39: 512 op, 548394000.00 ns, 1.0711 ms/op
WorkloadResult  40: 512 op, 539496700.00 ns, 1.0537 ms/op
WorkloadResult  41: 512 op, 552003600.00 ns, 1.0781 ms/op
WorkloadResult  42: 512 op, 542671600.00 ns, 1.0599 ms/op
WorkloadResult  43: 512 op, 540466900.00 ns, 1.0556 ms/op
WorkloadResult  44: 512 op, 544864200.00 ns, 1.0642 ms/op
// GC:  128 127 127 1031001776 512
// Threading:  0 0 512

// AfterAll
// Benchmark Process 18728 has exited with code 0.

Mean = 1.074 ms, StdErr = 0.006 ms (0.57%), N = 44, StdDev = 0.040 ms
Min = 0.901 ms, Q1 = 1.058 ms, Median = 1.074 ms, Q3 = 1.099 ms, Max = 1.138 ms
IQR = 0.041 ms, LowerFence = 0.996 ms, UpperFence = 1.161 ms
ConfidenceInterval = [1.053 ms; 1.095 ms] (CI 99.9%), Margin = 0.021 ms (2.00% of Mean)
Skewness = -1.58, Kurtosis = 8.43, MValue = 2.3

// ** Remained 0 (0.0%) benchmark(s) to run. Estimated finish 2026-09-22 1:06 (0h 0m from now) **
Successfully reverted power plan (GUID: 381b4222-f694-41f0-9685-ff5bb260df2e FriendlyName: Balanced)
// ***** BenchmarkRunner: Finish  *****

// * Export *
  BenchmarkDotNet.Artifacts\results\AcademyScheduleAnalyzer.ScheduleBenchmark-report.csv
  BenchmarkDotNet.Artifacts\results\AcademyScheduleAnalyzer.ScheduleBenchmark-report-github.md
  BenchmarkDotNet.Artifacts\results\AcademyScheduleAnalyzer.ScheduleBenchmark-report.html

// * Detailed results *
ScheduleBenchmark.StringConcatenation: DefaultJob [Iterations=100]
Runtime = .NET 10.0.12 (10.0.12, 10.0.1226.42308), X64 RyuJIT x86-64-v3; GC = Concurrent Workstation
Mean = 6.915 μs, StdErr = 0.040 μs (0.58%), N = 64, StdDev = 0.320 μs
Min = 6.512 μs, Q1 = 6.670 μs, Median = 6.803 μs, Q3 = 7.078 μs, Max = 7.962 μs
IQR = 0.408 μs, LowerFence = 6.058 μs, UpperFence = 7.691 μs
ConfidenceInterval = [6.777 μs; 7.053 μs] (CI 99.9%), Margin = 0.138 μs (2.00% of Mean)
Skewness = 1.24, Kurtosis = 3.98, MValue = 2.08
-------------------- Histogram --------------------
[6.408 μs ; 6.629 μs) | @@@@@@@
[6.629 μs ; 6.839 μs) | @@@@@@@@@@@@@@@@@@@@@@@@@@@@@@
[6.839 μs ; 7.112 μs) | @@@@@@@@@@@@@
[7.112 μs ; 7.442 μs) | @@@@@@@
[7.442 μs ; 7.652 μs) | @@@@@
[7.652 μs ; 7.836 μs) | @
[7.836 μs ; 8.067 μs) | @
---------------------------------------------------

ScheduleBenchmark.StringBuilderConcatenation: DefaultJob [Iterations=100]
Runtime = .NET 10.0.12 (10.0.12, 10.0.1226.42308), X64 RyuJIT x86-64-v3; GC = Concurrent Workstation
Mean = 719.341 ns, StdErr = 7.597 ns (1.06%), N = 95, StdDev = 74.043 ns
Min = 629.122 ns, Q1 = 661.410 ns, Median = 699.263 ns, Q3 = 757.596 ns, Max = 938.358 ns
IQR = 96.186 ns, LowerFence = 517.130 ns, UpperFence = 901.876 ns
ConfidenceInterval = [693.534 ns; 745.147 ns] (CI 99.9%), Margin = 25.806 ns (3.59% of Mean)
Skewness = 1.04, Kurtosis = 3.29, MValue = 2.24
-------------------- Histogram --------------------
[607.823 ns ; 635.605 ns) | @@
[635.605 ns ; 678.202 ns) | @@@@@@@@@@@@@@@@@@@@@@@@@@@@@@@@@@@
[678.202 ns ; 721.371 ns) | @@@@@@@@@@@@@@@@@@@@@@@
[721.371 ns ; 763.847 ns) | @@@@@@@@@@@@@
[763.847 ns ; 788.601 ns) | @@@@
[788.601 ns ; 831.197 ns) | @@@@@@@@@@
[831.197 ns ; 855.428 ns) | 
[855.428 ns ; 898.024 ns) | @@@@@
[898.024 ns ; 943.751 ns) | @@@
---------------------------------------------------

ScheduleBenchmark.StringConcatenation: DefaultJob [Iterations=1000]
Runtime = .NET 10.0.12 (10.0.12, 10.0.1226.42308), X64 RyuJIT x86-64-v3; GC = Concurrent Workstation
Mean = 588.835 μs, StdErr = 3.043 μs (0.52%), N = 35, StdDev = 18.001 μs
Min = 553.035 μs, Q1 = 579.496 μs, Median = 585.691 μs, Q3 = 597.558 μs, Max = 644.766 μs
IQR = 18.062 μs, LowerFence = 552.402 μs, UpperFence = 624.652 μs
ConfidenceInterval = [577.879 μs; 599.791 μs] (CI 99.9%), Margin = 10.956 μs (1.86% of Mean)
Skewness = 0.62, Kurtosis = 4.21, MValue = 2
-------------------- Histogram --------------------
[545.812 μs ; 560.484 μs) | @@
[560.484 μs ; 578.536 μs) | @@@@@@
[578.536 μs ; 592.981 μs) | @@@@@@@@@@@@@@@@
[592.981 μs ; 608.437 μs) | @@@@@@@
[608.437 μs ; 623.738 μs) | @@@
[623.738 μs ; 637.544 μs) | 
[637.544 μs ; 651.989 μs) | @
---------------------------------------------------

ScheduleBenchmark.StringBuilderConcatenation: DefaultJob [Iterations=1000]
Runtime = .NET 10.0.12 (10.0.12, 10.0.1226.42308), X64 RyuJIT x86-64-v3; GC = Concurrent Workstation
Mean = 7.506 μs, StdErr = 0.084 μs (1.12%), N = 98, StdDev = 0.832 μs
Min = 6.141 μs, Q1 = 6.869 μs, Median = 7.315 μs, Q3 = 8.025 μs, Max = 9.377 μs
IQR = 1.156 μs, LowerFence = 5.136 μs, UpperFence = 9.759 μs
ConfidenceInterval = [7.221 μs; 7.791 μs] (CI 99.9%), Margin = 0.285 μs (3.80% of Mean)
Skewness = 0.51, Kurtosis = 2.37, MValue = 3.61
-------------------- Histogram --------------------
[5.905 μs ; 6.321 μs) | @@@@
[6.321 μs ; 6.803 μs) | @@@@@@@@@@@@@
[6.803 μs ; 7.277 μs) | @@@@@@@@@@@@@@@@@@@@@@@@@@@@@@@
[7.277 μs ; 7.575 μs) | @@@@@@
[7.575 μs ; 8.049 μs) | @@@@@@@@@@@@@@@@@@@@@
[8.049 μs ; 8.230 μs) | @@
[8.230 μs ; 8.862 μs) | @@@@@@@@@@@@
[8.862 μs ; 9.335 μs) | @@@@@@@@
[9.335 μs ; 9.614 μs) | @
---------------------------------------------------

ScheduleBenchmark.StringConcatenation: DefaultJob [Iterations=10000]
Runtime = .NET 10.0.12 (10.0.12, 10.0.1226.42308), X64 RyuJIT x86-64-v3; GC = Concurrent Workstation
Mean = 96.887 ms, StdErr = 0.621 ms (0.64%), N = 97, StdDev = 6.116 ms
Min = 82.231 ms, Q1 = 92.922 ms, Median = 95.580 ms, Q3 = 100.716 ms, Max = 112.303 ms
IQR = 7.794 ms, LowerFence = 81.231 ms, UpperFence = 112.406 ms
ConfidenceInterval = [94.779 ms; 98.995 ms] (CI 99.9%), Margin = 2.108 ms (2.18% of Mean)
Skewness = 0.25, Kurtosis = 3.1, MValue = 2.52
-------------------- Histogram --------------------
[ 80.973 ms ;  84.467 ms) | @@@
[ 84.467 ms ;  88.507 ms) | @@
[ 88.507 ms ;  92.134 ms) | @@@@@@@@@@@@@@
[ 92.134 ms ;  95.628 ms) | @@@@@@@@@@@@@@@@@@@@@@@@@@@@@@@
[ 95.628 ms ;  99.389 ms) | @@@@@@@@@@@@@@@
[ 99.389 ms ; 103.515 ms) | @@@@@@@@@@@@@@@@@@@@@@
[103.515 ms ; 108.736 ms) | @@@@@@
[108.736 ms ; 112.924 ms) | @@@@
---------------------------------------------------

ScheduleBenchmark.StringBuilderConcatenation: DefaultJob [Iterations=10000]
Runtime = .NET 10.0.12 (10.0.12, 10.0.1226.42308), X64 RyuJIT x86-64-v3; GC = Concurrent Workstation
Mean = 114.763 μs, StdErr = 1.085 μs (0.95%), N = 99, StdDev = 10.797 μs
Min = 103.292 μs, Q1 = 106.221 μs, Median = 110.158 μs, Q3 = 121.557 μs, Max = 141.989 μs
IQR = 15.336 μs, LowerFence = 83.217 μs, UpperFence = 144.562 μs
ConfidenceInterval = [111.082 μs; 118.444 μs] (CI 99.9%), Margin = 3.681 μs (3.21% of Mean)
Skewness = 0.98, Kurtosis = 2.86, MValue = 2.26
-------------------- Histogram --------------------
[100.229 μs ; 103.434 μs) | @
[103.434 μs ; 109.560 μs) | @@@@@@@@@@@@@@@@@@@@@@@@@@@@@@@@@@@@@@@@@@@@@@@
[109.560 μs ; 115.699 μs) | @@@@@@@@@@@@@
[115.699 μs ; 123.194 μs) | @@@@@@@@@@@@@@@@@@@
[123.194 μs ; 130.944 μs) | @@@@@@@@
[130.944 μs ; 138.954 μs) | @@@@@@@@
[138.954 μs ; 145.053 μs) | @@@
---------------------------------------------------

ScheduleBenchmark.StringConcatenation: DefaultJob [Iterations=100000]
Runtime = .NET 10.0.12 (10.0.12, 10.0.1226.42308), X64 RyuJIT x86-64-v3; GC = Concurrent Workstation
Mean = 13.622 s, StdErr = 0.049 s (0.36%), N = 14, StdDev = 0.184 s
Min = 13.283 s, Q1 = 13.514 s, Median = 13.590 s, Q3 = 13.731 s, Max = 14.025 s
IQR = 0.217 s, LowerFence = 13.188 s, UpperFence = 14.057 s
ConfidenceInterval = [13.415 s; 13.830 s] (CI 99.9%), Margin = 0.208 s (1.52% of Mean)
Skewness = 0.45, Kurtosis = 2.81, MValue = 2
-------------------- Histogram --------------------
[13.182 s ; 13.709 s) | @@@@@@@@@@
[13.709 s ; 14.125 s) | @@@@
---------------------------------------------------

ScheduleBenchmark.StringBuilderConcatenation: DefaultJob [Iterations=100000]
Runtime = .NET 10.0.12 (10.0.12, 10.0.1226.42308), X64 RyuJIT x86-64-v3; GC = Concurrent Workstation
Mean = 1.074 ms, StdErr = 0.006 ms (0.57%), N = 44, StdDev = 0.040 ms
Min = 0.901 ms, Q1 = 1.058 ms, Median = 1.074 ms, Q3 = 1.099 ms, Max = 1.138 ms
IQR = 0.041 ms, LowerFence = 0.996 ms, UpperFence = 1.161 ms
ConfidenceInterval = [1.053 ms; 1.095 ms] (CI 99.9%), Margin = 0.021 ms (2.00% of Mean)
Skewness = -1.58, Kurtosis = 8.43, MValue = 2.3
-------------------- Histogram --------------------
[0.886 ms ; 0.916 ms) | @
[0.916 ms ; 0.946 ms) | 
[0.946 ms ; 0.976 ms) | 
[0.976 ms ; 1.006 ms) | 
[1.006 ms ; 1.045 ms) | @@@@@@
[1.045 ms ; 1.081 ms) | @@@@@@@@@@@@@@@@@@@@
[1.081 ms ; 1.125 ms) | @@@@@@@@@@@@@@@
[1.125 ms ; 1.153 ms) | @@
---------------------------------------------------

// * Summary *

BenchmarkDotNet v0.15.8, Windows 10 (10.0.19045.6466/22H2/2022Update)
Intel Core i5-4200M CPU 2.50GHz (Haswell), 1 CPU, 4 logical and 2 physical cores
.NET SDK 10.0.401
  [Host]     : .NET 10.0.12 (10.0.12, 10.0.1226.42308), X64 RyuJIT x86-64-v3
  DefaultJob : .NET 10.0.12 (10.0.12, 10.0.1226.42308), X64 RyuJIT x86-64-v3


| Method                     | Iterations | Mean                | Error             | StdDev            | Median              | Gen0          | Gen1          | Gen2          | Allocated     |
|--------------------------- |----------- |--------------------:|------------------:|------------------:|--------------------:|--------------:|--------------:|--------------:|--------------:|
| StringConcatenation        | 100        |          6,915.1 ns |         137.99 ns |         319.81 ns |          6,803.2 ns |       33.7601 |             - |             - |      51.73 KB |
| StringBuilderConcatenation | 100        |            719.3 ns |          25.81 ns |          74.04 ns |            699.3 ns |        1.5802 |             - |             - |       2.42 KB |
| StringConcatenation        | 1000       |        588,834.8 ns |      10,955.91 ns |      18,000.88 ns |        585,690.6 ns |     3204.1016 |             - |             - |    4912.08 KB |
| StringBuilderConcatenation | 1000       |          7,506.0 ns |         285.12 ns |         831.71 ns |          7,315.5 ns |       17.2348 |             - |             - |      26.49 KB |
| StringConcatenation        | 10000      |     96,886,783.1 ns |   2,108,008.79 ns |   6,115,716.17 ns |     95,580,120.0 ns |   448200.0000 |   223200.0000 |    38200.0000 |  488586.72 KB |
| StringBuilderConcatenation | 10000      |        114,762.9 ns |       3,681.28 ns |      10,796.56 ns |        110,158.1 ns |       62.6221 |       31.1279 |       31.1279 |     208.56 KB |
| StringConcatenation        | 100000     | 13,622,466,228.6 ns | 207,523,980.09 ns | 183,964,603.04 ns | 13,590,292,300.0 ns | 11903000.0000 | 11645000.0000 | 11645000.0000 | 48834679.1 KB |
| StringBuilderConcatenation | 100000     |      1,074,000.8 ns |      21,445.25 ns |      40,279.37 ns |      1,074,487.8 ns |      250.0000 |      248.0469 |      248.0469 |    1966.48 KB |

// * Warnings *
MultimodalDistribution
  ScheduleBenchmark.StringBuilderConcatenation: Default -> It seems that the distribution is bimodal (mValue = 3.61)

// * Hints *
Outliers
  ScheduleBenchmark.StringConcatenation: Default        -> 9 outliers were removed (9.01 μs..10.78 μs)
  ScheduleBenchmark.StringBuilderConcatenation: Default -> 5 outliers were removed (947.82 ns..1.08 μs)
  ScheduleBenchmark.StringConcatenation: Default        -> 10 outliers were removed (704.27 μs..915.94 μs)
  ScheduleBenchmark.StringBuilderConcatenation: Default -> 2 outliers were removed (9.98 μs, 10.71 μs)
  ScheduleBenchmark.StringConcatenation: Default        -> 3 outliers were removed (114.23 ms..117.48 ms)
  ScheduleBenchmark.StringBuilderConcatenation: Default -> 1 outlier  was  removed (145.92 μs)
  ScheduleBenchmark.StringConcatenation: Default        -> 1 outlier  was  removed (14.69 s)
  ScheduleBenchmark.StringBuilderConcatenation: Default -> 1 outlier  was  removed, 2 outliers were detected (901.31 μs, 1.19 ms)

// * Legends *
  Iterations : Value of the 'Iterations' parameter
  Mean       : Arithmetic mean of all measurements
  Error      : Half of 99.9% confidence interval
  StdDev     : Standard deviation of all measurements
  Median     : Value separating the higher half of all measurements (50th percentile)
  Gen0       : GC Generation 0 collects per 1000 operations
  Gen1       : GC Generation 1 collects per 1000 operations
  Gen2       : GC Generation 2 collects per 1000 operations
  Allocated  : Allocated memory per single operation (managed only, inclusive, 1KB = 1024B)
  1 ns       : 1 Nanosecond (0.000000001 sec)

// * Diagnostic Output - MemoryDiagnoser *


// ***** BenchmarkRunner: End *****
Run time: 00:14:17 (857.14 sec), executed benchmarks: 8

Global total time: 00:14:38 (878.23 sec), executed benchmarks: 8
// * Artifacts cleanup *
Artifacts cleanup is finished
